,A,B,C,D
2020-01-01,-1.412621032286162,0.27606390321571156,0.3016989974317855,0.34955644031251165
2020-01-02,-1.8708271960203402,1.0250287078244875,0.6433281914307593,-0.6312107239863195
2020-01-03,-3.441272465958642,0.3255022046357867,0.4966929642636867,-1.804522966803694
2020-01-04,-2.5956382919802925,-2.828496215697884,1.2754617626468172,-2.217161116195029
2020-01-05,-2.8090019376273347,-2.6804241685288073,1.6710030438667354,-1.6845737382241133
2020-01-06,-2.827094024194044,-3.0279969420218134,1.7009807399215748,-2.00785309637502
2020-01-07,-4.036407285392402,-1.7227994473944122,1.6392937209984904,-0.95304369680244
2020-01-08,-4.502359321240178,-1.1728140061515853,1.900283882578952,-1.0474858152552247
2020-01-09,-4.0552669347375545,-1.7964804398069725,0.6633373364067068,-0.7138236974524512
2020-01-10,-4.904651642698285,-3.464927643437491,-1.0539113876777917,-1.1368948917730037
2020-01-11,-3.7616112744847636,-3.7024478514504526,-1.7572496049094002,-1.204042998530829
2020-01-12,-3.6745380859099073,-3.649297234138299,-1.9982724321199559,-1.8161604468163024
2020-01-13,-3.578888669756973,-2.7628779964784695,-1.5600448744144653,-2.139123257885975
2020-01-14,-4.235682186151442,-2.208882650841372,-2.511955802433781,-2.966744288651893
2020-01-15,-4.367646156826053,-0.7412052564868334,-2.443880028980068,-0.39358452216733264
2020-01-16,-4.967029863967916,-0.8647690370559686,-0.3775133363898191,0.9459547479956112
2020-01-17,-5.109573621162399,-1.6035897118107996,-0.5830868186825714,1.9224637762808867
2020-01-18,-5.387127649007448,-1.1169157767810793,-0.24000755840527077,1.1141883328109272
2020-01-19,-6.392216164573985,1.6624789919179268,-0.9559595715124015,2.2703534879181015
2020-01-20,-7.412372735901368,1.6475554479441956,0.11939902126866897,2.7546921257657404
2020-01-21,-7.043480722260365,2.0601302850512857,-2.062038235331256,2.078987564074713
2020-01-22,-6.532374156360225,1.7930258285489014,-1.554944351090678,0.8266481739333391
2020-01-23,-5.126381748102997,1.5856381720652732,-0.29562030287717267,0.7822825938828448
2020-01-24,-5.331225705269409,1.3801452195817632,1.8631295167264046,-0.07346167165704853
2020-01-25,-6.141288397313631,2.8561256394384262,0.9754899244259697,-0.5217359285837886
2020-01-26,-4.44372646187293,0.45806107359872206,0.3815953120714436,-0.1625364845820838
2020-01-27,-3.9970431153940544,0.45379983719822137,-0.5303107794189172,-0.29643487169345656
2020-01-28,-3.781669850868092,0.4809274566705707,1.1923712750423319,-2.1343172240554917
2020-01-29,-3.4973702825470965,-0.12114512380810682,3.7757179045179248,-3.1134297572762457
2020-01-30,-5.910696881912166,0.39949183724475856,2.9624008695008963,-1.0667652525924596
2020-01-31,-7.758637113932422,0.08839952315073352,3.0999177256188775,-0.7293098068547313
2020-02-01,-9.607041571556914,1.6758935600843883,1.9852764761501276,-1.2566288900401743
2020-02-02,-9.938626330021075,1.5303867382049021,1.2133990651926085,-1.5841322038269892
2020-02-03,-9.484761027982044,0.9180134263841458,0.43709105601916076,-1.696176450892152
2020-02-04,-11.9823543513023,1.150902424384387,0.6951757186988959,-2.6258257013814594
2020-02-05,-11.290609125261724,1.727475780449903,1.9297507440823853,-2.6102129911473364
2020-02-06,-11.805637864700591,2.72447356569292,0.5938916572085613,-2.311819140648022
2020-02-07,-9.85923230508367,3.307908245562869,-0.4334258811139069,-2.0418980440468086
2020-02-08,-9.119646723357345,2.712316613420229,-0.7142681442194674,-0.9538312321935418
2020-02-09,-8.27557563319648,3.2200917966861597,-1.0110442814572993,-1.1118180100265318
2020-02-10,-7.874807139715757,3.374470521384048,-1.9731668464531356,-2.688045039971805
2020-02-11,-8.342310063213697,2.7967924675340208,-1.3703494900836914,0.08282013811177924
2020-02-12,-9.934972712475647,2.947303075247774,-1.990996084256641,-1.3672918169075259
2020-02-13,-9.444532405407381,3.8523485376204794,-2.1036025908331926,-3.449820777423947
2020-02-14,-8.030809252831352,2.7924484771109817,-2.6422844558292193,-3.831192282802893
2020-02-15,-6.5449465819676735,2.8996970792863133,-1.6459107121402545,-3.2035182775938713
2020-02-16,-8.024471932315553,2.789034548259344,0.953408838311812,-3.7114488916283936
2020-02-17,-9.211766288114994,2.3708468206322153,2.743882286475279,-2.3959592096056035
2020-02-18,-9.700101151172834,1.249372147416648,3.071678079688013,-2.4033566261942902
2020-02-19,-9.88981724464134,1.0374749603419209,3.740767069869924,-2.251113169002681
2020-02-20,-10.707267198222539,1.2375318858653945,3.222729217620519,-1.1997699013487446
2020-02-21,-10.112444076486785,2.3279441525032984,3.815606640017722,-1.984605016555155
2020-02-22,-10.410216589635152,2.263845138829137,3.3059215173219534,-2.2336067523591985
2020-02-23,-11.287588621218351,2.423756073876243,4.8730652836655945,-1.2784647642263947
2020-02-24,-11.543866238049874,2.905996549728142,3.3454855019105736,-1.9057373668786366
2020-02-25,-11.886205643370083,2.6678406458645454,3.101857116178497,-2.649615183009371
2020-02-26,-12.566357151836163,3.561819329049623,4.589286514466613,-3.8256419675974898
2020-02-27,-13.368797190134645,2.5301447778441144,3.649071113942891,-4.292427691163775
2020-02-28,-14.566199526754305,0.475934273473952,5.077759793766559,-4.776373307172673
2020-02-29,-14.318057064002657,-0.45639200906973354,6.2764008094706725,-4.738141118535383
2020-03-01,-15.024173910302482,0.19499777208077584,7.685926319500121,-3.6305148687269435
2020-03-02,-14.530914868411605,-1.0014168735178286,6.637747609991324,-3.1977406947288034
2020-03-03,-14.472363695498016,-0.2969851532639264,5.303110497714518,-3.496358274271117
2020-03-04,-16.9602415314691,0.0716148465126798,4.460176236872274,-2.119859405851402
2020-03-05,-16.875897375640978,-0.7966771589955645,4.752368626330545,-2.011835827407759
2020-03-06,-16.597729602784078,-1.4037748742780831,4.9659871701007345,-2.301865275012899
2020-03-07,-17.326965197311747,-1.7658401664033319,5.363854863956117,-2.896205240620601
2020-03-08,-16.028961626755443,0.37757543846063957,6.750357317177484,-1.9850758351998667
2020-03-09,-15.632343640033767,-0.13429987113727004,4.727659225697607,-4.409132481328026
2020-03-10,-14.838847710211043,0.016398168931637647,3.929838203192282,-3.6708047526087193
2020-03-11,-13.447204157637405,0.26424979514319663,3.2709099459678557,-4.525074849347468
2020-03-12,-13.29688640043701,0.7325215742935045,4.172461238848434,-4.854889191575567
2020-03-13,-12.205795127933632,-1.1451553033830946,2.505806901748005,-4.12463983610001
2020-03-14,-12.576370523522987,0.313071858767874,3.3677420352458034,-3.027561704846362
2020-03-15,-12.891968087481734,0.83141448726443,4.133799241446856,-3.5862268416829854
2020-03-16,-14.325707860643956,0.34164330342164373,3.3579772961962844,-5.668662569227202
2020-03-17,-13.903735218699373,0.8856968641221645,2.633684081647244,-6.072756142889951
2020-03-18,-14.846089226142668,-0.2443165514647787,1.651081583683737,-5.791683602169717
2020-03-19,-14.580199744094521,-1.266758811935523,0.8178741229277913,-5.4688383066878306
2020-03-20,-15.464084766217569,-1.0780027532549803,0.12464921777330107,-4.999083905184768
2020-03-21,-15.18946021680605,-0.7711527630188124,0.1474465718409537,-3.1686084871545614
2020-03-22,-14.402496589553085,-0.4635561435570329,1.8867352634049703,-3.5049278317526
2020-03-23,-14.823507336046532,-0.12972735388363732,2.081997845723517,-2.6332827676081227
2020-03-24,-14.04895822590565,0.21764037232608452,2.0877008582161545,-1.502149137697543
2020-03-25,-13.12649627645471,-1.1447594863378978,4.5317585688007025,-0.2491874887179666
2020-03-26,-13.50312252665471,-1.2389824382588601,3.5602762134699786,0.1536154161031424
2020-03-27,-13.389541183687676,-1.156799718330415,4.806103074698372,0.3287222527117665
2020-03-28,-15.66110974512595,-0.6997882232018812,5.555803070104624,-0.554770386076763
2020-03-29,-14.69790792277411,-0.2410766028749512,6.53330335736957,-0.7750425536855504
2020-03-30,-15.93215338600647,1.4106888275052767,5.973860476374093,-2.4648310570611764
2020-03-31,-16.078757758361345,0.4490635477114322,5.998531902468495,-3.5503411095280435
2020-04-01,-15.840229370052151,1.155113622567449,4.33291663621683,-4.295764888424434
2020-04-02,-16.123869012788827,0.4330944901323577,3.8861169270195197,-3.749818919593173
2020-04-03,-15.537741703727354,1.2568897314803444,3.8960305673805697,-3.6782354189802215
2020-04-04,-14.662920784021779,0.8791402010030787,3.491453478336622,-5.309009277065704
2020-04-05,-12.576156814921168,0.9149482012805691,2.1298441625678537,-3.3386262887109135
2020-04-06,-13.38704237450014,0.9711147923664378,4.230988234634097,-3.1921952279618964
2020-04-07,-12.755995691340186,0.3320804079616362,5.123769572424915,-2.716574047711683
2020-04-08,-13.75673532308241,0.6869689766961553,4.906469820149749,-2.644266978462844
2020-04-09,-13.609248530415659,-0.8588499903693301,4.1822107219881675,-2.863483703455796
2020-04-10,-14.83217282074827,-0.47378304754635664,5.204839667827162,-3.4193219719075216
2020-04-11,-16.391837285699342,-0.7772739097985166,6.1500493161457,-3.7218653971128677
2020-04-12,-16.677310014811983,-0.0213965232777088,4.153960290528433,-4.549632870534164
2020-04-13,-16.69776525529105,1.1512754789119204,4.0444487049646485,-3.4154693927819917
2020-04-14,-16.940297862477756,0.6136186260455895,4.878541908913348,-2.2303454275097168
2020-04-15,-17.29935326169384,-0.17845753984970347,4.039176290724667,0.10922218793115235
2020-04-16,-17.62027317726302,0.028394683815484822,1.4704972969063812,-1.0820567677433426
2020-04-17,-17.194872679234553,1.2608508222948909,2.1118507022664024,-1.4197033478405479
2020-04-18,-18.08860867046396,1.011089722211558,1.371654561787682,-1.5169413739685516
2020-04-19,-18.188127611386868,1.1437336277392516,1.9233835290209838,-1.1329806468179622
2020-04-20,-17.0896255273579,1.799592037881065,2.955426300689023,-2.333904085981767
2020-04-21,-17.905889284151908,0.5824862490673279,2.5977014406397707,-2.4761521212356645
2020-04-22,-19.23401472128662,0.7973924574356046,3.515729084454501,-1.1714152361099779
2020-04-23,-18.813520135220816,1.480943794044724,4.523322294649477,-2.5984137883419116
2020-04-24,-17.400551744116925,2.8485321956255016,3.1762866755842087,-1.0327078523165796
2020-04-25,-16.635199711566642,2.5321875183842426,2.057714233280069,-0.4924714396431664
2020-04-26,-17.457563252045254,3.714057292315986,1.4465335941972381,-1.9634124882195507
2020-04-27,-16.776651988239408,2.9577060727459648,2.994490822428854,-1.9629008632923688
2020-04-28,-17.592450436310852,3.149461219156609,2.5334206689137924,-1.680294918131011
2020-04-29,-18.47579351292353,2.9151770724882016,0.6183028772258172,-2.064345110715074
2020-04-30,-19.749361928691485,3.0810860474328243,-0.014543584431630063,-2.317946088245975
2020-05-01,-19.70038413689515,4.285650993019058,-0.24122145606738732,-2.0131597664735565
2020-05-02,-19.013619173486916,4.059868265853332,-0.9203067128204734,-0.14646502654716698
2020-05-03,-18.56838677703287,5.743242792392731,-0.8330688052291576,-0.17493710970186
2020-05-04,-18.234033661991393,7.191843940706041,-1.1434646945634337,0.8223367623104261
2020-05-05,-18.523889894071793,7.433869260874872,-1.3603914041004181,-0.27397816277499465
2020-05-06,-18.62331245835815,7.073012961657507,-1.8276671176113077,-2.7900358061848927
2020-05-07,-18.975007352861304,6.183472615560756,-2.0837775440666073,-3.909084513449989
2020-05-08,-17.18499543921482,5.516565597039696,-2.879880735809423,-2.4320644242914327
2020-05-09,-16.591394440444503,6.850917555367107,-1.3705884513188515,-2.5284803557904847
2020-05-10,-18.44958004829596,7.335892535321943,-1.0721964304555658,-1.907690490670604
2020-05-11,-18.11455137936976,8.136085237694385,1.0228042434330038,-1.2296027427439533
2020-05-12,-18.813502455922016,6.060907271532386,2.334260441758864,-2.7758951869547803
2020-05-13,-18.070670993661377,8.093796184138922,1.8842338453549707,-3.0341657656154686
2020-05-14,-19.42475769546395,8.546372420712506,0.7422283359151647,-2.418594588197676
2020-05-15,-19.260688377004215,8.453110668227165,1.046812639875431,-2.886757858161254
2020-05-16,-17.7052669760227,8.136979005589952,0.47695728147723526,-1.6820855367725738
2020-05-17,-17.173049945650043,6.545751398431671,-0.07094307726069027,-2.0289420767154067
2020-05-18,-16.406735967208252,5.572180116939494,1.5646587923155835,-1.0907028282122555
2020-05-19,-16.645696130815104,6.978976458732545,1.2953766675546048,-1.4315878882274893
2020-05-20,-15.21647276239138,6.855244550530548,1.1910539064064278,-2.4362278934296047
2020-05-21,-15.228477728989304,7.118469220126141,1.7320662427378708,-1.6093827323023766
2020-05-22,-16.74414801135499,6.7968170139299335,1.0079214794918254,-2.522331814556297
2020-05-23,-16.316128569416403,6.424396229976753,1.2137151366390244,-3.3186469852611493
2020-05-24,-16.41617479914159,6.252103786292687,0.08288031798428319,-3.055707509441782
2020-05-25,-14.91475565754562,5.890912546635219,-0.008474773677204714,-4.673674866992366
2020-05-26,-15.605115606751028,5.975158725960615,1.5102072743759123,-5.236418401758027
2020-05-27,-17.588225832570522,5.790594251908471,2.1248015392328785,-3.8669506684052877
2020-05-28,-18.359585583654443,5.724777056364484,0.7283981667304844,-5.1357660059698045
2020-05-29,-18.113380614327056,4.9230137384637995,-0.28598749072036345,-5.934800257810255
2020-05-30,-18.195150559098277,5.3379362084818345,-1.049293858887406,-4.4970534311053
2020-05-31,-18.505572119322633,6.372271148833132,-1.2644709392828812,-4.722811216354967
2020-06-01,-17.94256032361417,4.9350040015848124,-3.6559017317879716,-3.4892914081884205
2020-06-02,-17.572356447597755,4.978832007188586,-3.791181796911531,-4.710959568331576
2020-06-03,-16.056826105412934,5.177083796559703,-3.8773771907540255,-4.796769232794377
2020-06-04,-17.906095261437336,6.13404042938103,-2.4413276603283536,-4.990813469727388
2020-06-05,-18.593779072589694,4.589650367490012,-2.662120506662042,-3.2044381074545605
2020-06-06,-19.770158316553765,4.254609808941274,-3.499442945157911,-1.4074919609719163
2020-06-07,-20.696070143979984,2.4318939420972083,-3.3033278831402595,-1.2456991233109047
2020-06-08,-21.43724770193552,-0.23574966149816845,-3.7169763165531453,0.48195169836291174
2020-06-09,-21.89694772360902,-1.5353123099778114,-1.2838545134804447,-0.9213327530941682
2020-06-10,-22.59095292556829,-2.2713859247574275,-1.1934210567072263,-3.2787562092426015
2020-06-11,-22.122247488962092,-0.17264929950893615,-1.3162997696301517,-4.925374138962388
2020-06-12,-22.316179981933118,2.2833815748819672,-0.2048395665531475,-6.328471754509214
2020-06-13,-22.28977805473859,-0.1030392993719822,0.330690570819723,-8.118424184783237
2020-06-14,-22.846229315114954,-1.7305074928642525,-0.3516071733809588,-8.074015870962159
2020-06-15,-23.42012443376839,-3.5186359234528912,0.06861604531836246,-7.848335594442558
2020-06-16,-23.739959984808923,-3.026505892274215,0.38308292311231673,-9.564255768357468
2020-06-17,-24.476044991185482,-2.42122432089536,-1.068317339620264,-9.619069032185914
2020-06-18,-24.79779513296951,-1.0321199245420336,-1.4110428043830727,-10.929346063509627
2020-06-19,-24.389269289424746,-1.8380211613441988,-1.6613642376173194,-10.225506082190382
2020-06-20,-25.86871305626786,-0.8218963811225406,-0.09569964817978005,-9.51068754444206
2020-06-21,-25.841901640463448,-0.06976621395655713,1.592482759079999,-8.125283514990636
2020-06-22,-25.221267645010965,1.0859521601416386,1.6032202017498556,-6.6851471847026405
2020-06-23,-25.665168029002057,-1.1356008407261513,3.4113562673601816,-5.123824872572189
2020-06-24,-24.29206537923484,-2.6790117715941566,3.1590632112298063,-3.90367346245585
2020-06-25,-22.799982777283798,-2.5468386091148316,1.001375014933902,-4.763513161389843
2020-06-26,-23.308873041239455,-2.582368010151492,0.10186658640131818,-5.353954398991766
2020-06-27,-24.03770144264966,-0.5361121725609239,2.1686511642476125,-4.105873776760276
2020-06-28,-25.65993016493227,0.13111981393627847,1.2794028486326994,-4.049575020360586
2020-06-29,-27.345809347649393,0.5280238737649793,0.5842992392593497,-4.195804431268254
2020-06-30,-26.327773663659652,0.6300377855165615,0.539752729829219,-3.9286482566173038
2020-07-01,-27.637169954405906,0.6598049405603431,0.8976320321970632,-2.673453332317539
2020-07-02,-27.90643952777249,0.7828772049460843,2.5007612711788907,-2.2799111743510023
2020-07-03,-27.163045087960285,1.0352749338638414,1.7867144486910993,-1.81006857537608
2020-07-04,-26.60695032906865,0.5876127139924674,2.9998160663812965,-1.2598839344251365
2020-07-05,-26.923772843183706,-3.4800823252656348,1.280545146413678,-1.375545880776668
2020-07-06,-27.143954982716636,-4.163349055491791,0.9664213744995498,-1.6936745378358427
2020-07-07,-26.819190828875897,-3.5042013818512667,1.7890607006445358,-3.4329897151647173
2020-07-08,-28.959883301324677,-2.3821133581892666,1.4298791957292205,-2.848447689001686
2020-07-09,-30.715746649529127,-3.610992287608809,0.15364935010324565,-2.864703435370145
2020-07-10,-28.136318975041004,-3.5139867408182606,-0.8603710916419047,-2.937204861363481
2020-07-11,-27.89139235194621,-1.844455273755255,0.7264297489436342,-2.7113448909342397
2020-07-12,-26.80163800335236,-1.9857086966722461,0.02661889675595208,-1.9938464167549943
2020-07-13,-26.02412626343268,-2.3002211464822917,0.44400927318453687,-1.5389635883942183
2020-07-14,-26.261440178303342,-2.8833335072757915,2.2772859818903317,-1.6784050390319876
2020-07-15,-24.7201041417284,-3.652811530868171,4.0376327375584475,0.11339373578997902
2020-07-16,-25.83312796517638,-3.103457536973929,5.13241738195216,-0.5987735254391128
2020-07-17,-27.027636360228186,-4.778412910694831,5.263363449688036,0.5715838766636862
2020-07-18,-24.851631557782515,-5.35493364108277,4.757379474992941,0.24857665176027088
2020-07-19,-25.652354018476537,-8.1655884216819,3.7166409958405153,-0.9850848014320311
2020-07-20,-26.128279454387716,-7.344045847626341,4.047623681736203,-2.1738673414449274
2020-07-21,-26.861769954680323,-6.75725927732207,5.999523113398378,-3.903949764140847
2020-07-22,-24.766160259825355,-6.360594333626522,5.171730325648215,-1.9437288554133714
2020-07-23,-24.579013201151913,-7.967656950438952,6.225015866864649,-0.8376309336991201
2020-07-24,-25.00912975259237,-8.44972281898356,6.372065884274264,-1.9284624929222485
2020-07-25,-26.182451404341055,-7.764642389847776,6.110289055562688,-2.7557489845153365
2020-07-26,-26.320414839205732,-9.225886305069535,6.905927959028602,-1.8131862810784138
2020-07-27,-27.795006833623397,-8.827819769436411,6.3837298329873455,-2.6832870748962008
2020-07-28,-26.149808583077792,-7.08228227968157,7.735220893745672,-2.6051455329665565
2020-07-29,-27.59472333262609,-6.437606491310741,8.727568921051212,-4.061788835206775
2020-07-30,-27.8873180780416,-8.307273517672428,10.40271706734967,-4.159904715592039
2020-07-31,-29.9783485096384,-9.122022995372607,9.915394126998695,-5.812160450380302
2020-08-01,-28.950580651843534,-8.890309299445887,9.693201755636524,-5.797488783442982
2020-08-02,-28.588914208688887,-10.274554320905255,8.655132544565182,-4.201404951825014
2020-08-03,-28.902144510971926,-10.853568794259695,8.74748330308561,-4.925208986938404
2020-08-04,-29.472772875158146,-10.574467571541767,7.183847197502765,-5.543137055731209
2020-08-05,-29.034378876384373,-10.324305849427088,6.406028046101519,-5.25201921935005
2020-08-06,-30.5563807752496,-9.315510321312797,6.312492010726791,-4.8100451637043395
2020-08-07,-28.19982697823914,-10.491041451764678,6.696674006102274,-3.801068477096081
2020-08-08,-29.286707642159172,-11.23056104847126,5.700587394081749,-2.764657362219184
2020-08-09,-29.81621900476917,-11.567248414420362,5.77058517539394,-2.5160277755788907
2020-08-10,-30.040409541361733,-11.356447889871578,6.2800679842238285,-2.7278147780846176
2020-08-11,-29.73061822853383,-12.015396212962015,6.094866107040402,-3.394114395361707
2020-08-12,-32.00697148888511,-11.483266664106802,6.0366279744392655,-2.5328313325986778
2020-08-13,-32.62801961467597,-12.076492282090467,5.783393294475699,-1.1983391420283076
2020-08-14,-32.23274314159501,-11.292147831926464,5.5360054812883925,-1.4818429842309035
2020-08-15,-32.684755914250616,-10.326622370725225,5.245594936350654,-0.36067944914340155
2020-08-16,-32.35400839989871,-10.863815650867014,5.967405395135744,-0.6905709377713494
2020-08-17,-34.19555833995164,-12.310741431761272,7.4973483552815825,0.14050459361113798
2020-08-18,-34.94376815177401,-10.904125668082923,6.978260216425018,-1.438734444373522
2020-08-19,-35.34179089044406,-10.361937673071292,5.969141072748128,-2.0042564915378733
2020-08-20,-35.63710540179872,-10.799616723322536,5.326201397784323,-3.433655873537903
2020-08-21,-36.211273532728036,-9.994658919753764,4.339111939139094,-5.43036256823674
2020-08-22,-37.062098918924,-8.93461747964575,6.873029256972481,-5.776837491729872
2020-08-23,-38.558790233058126,-8.172282747258299,4.117288720369846,-6.231218070840668
2020-08-24,-39.71719982437897,-8.087268273524083,5.393949602996529,-6.822294765854542
2020-08-25,-39.209531837978446,-6.767509484045986,4.997619693924823,-7.372459868608296
2020-08-26,-38.695030337653115,-5.085906709505789,3.8951412686616775,-8.690478394088506
2020-08-27,-39.08182576643977,-5.755816667356505,4.424096697546415,-10.995300097031631
2020-08-28,-39.483645092444135,-5.366943516959074,4.383691789570163,-10.534568571749007
2020-08-29,-40.50084769948093,-5.216628964665074,4.5474301900734435,-10.69594545201511
2020-08-30,-41.00818496512651,-4.536986079858659,5.453429059795496,-10.212239981243044
2020-08-31,-41.19961770997723,-3.824180092372771,5.039251204913152,-10.042186527885992
2020-09-01,-42.74614205460065,-2.933822510080151,5.617522298595436,-9.636441185943637
2020-09-02,-43.27861019560442,-2.709515053315258,6.707754965968691,-11.247802159099907
2020-09-03,-44.594238525888514,-2.3734026150302663,6.411424053979638,-11.387837953774467
2020-09-04,-45.0876719251008,-4.675839862854888,7.163465481335775,-9.310434682066045
2020-09-05,-45.61097742730453,-4.833944045191807,6.550231501916687,-10.711642002154983
2020-09-06,-44.81451913463572,-4.554070589438603,7.579467076401166,-11.350076254690922
2020-09-07,-45.59250450648341,-3.508935798300974,6.814051412759897,-11.327171667063746
2020-09-08,-47.33989066306721,-2.240930384685276,7.581537500628775,-10.169366539292277
2020-09-09,-47.22144584417713,-3.3478620182665972,8.633570966805271,-11.741591304820687
2020-09-10,-48.447366995748276,-3.5413065340812606,9.627825497682995,-11.721825880180079
2020-09-11,-46.15435951949967,-5.054551806460527,10.021419376446332,-13.06464413197305
2020-09-12,-47.38737581991086,-5.358643460529617,10.889081991428164,-13.092676895289227
2020-09-13,-48.082593233907,-5.713371201574896,11.098941399113507,-15.190851639428132
2020-09-14,-49.277102277084225,-4.275568446853974,11.088499400994024,-14.964498017365454
2020-09-15,-51.12755755385104,-2.1435333159554233,9.746484599468692,-15.490987708679475
2020-09-16,-50.433462312598834,-0.9056973979211771,9.353119145740575,-16.05684534733749
2020-09-17,-50.146253616708485,-1.6738001215794567,8.746888640416815,-14.93808630858163
2020-09-18,-49.05660814293267,-1.976964358508536,7.897512417353285,-14.388623336971293
2020-09-19,-47.576008975908465,-2.5157039034840216,7.265270789201299,-13.897824426360462
2020-09-20,-49.13418666693708,-2.5565457933084024,6.412934051378578,-12.750502642197137
2020-09-21,-49.87526797708141,-4.3101459740872015,6.349098740639777,-12.158170139854453
2020-09-22,-49.60116893133206,-2.9782874934413512,6.829849096113664,-12.216997644718703
2020-09-23,-50.26514904206408,-2.2894815358600358,5.3158280806818095,-12.070976661942785
2020-09-24,-50.0583037215086,-2.3073808575421118,5.018842500867738,-12.488139541641882
2020-09-25,-48.79903345829263,-2.045443372803659,3.9817511568934325,-12.349622032170654
2020-09-26,-47.535921554991,-1.9411186338425876,4.153899008167199,-11.308111733487241
2020-09-27,-48.42531612966008,-2.2262875716293844,3.677037465118234,-9.55861989539948
2020-09-28,-45.13837985076661,-5.837165429852367,6.056981704272534,-9.271746876913856
2020-09-29,-45.65927424285346,-8.085542134339669,3.85627273377036,-8.848718432108361
2020-09-30,-46.525595525045944,-8.988639915130301,4.889097480871525,-8.545262913399275
2020-10-01,-46.30650012824238,-8.742855291617506,4.738318269169383,-9.58078545272186
2020-10-02,-45.902985236776175,-7.8378807735007365,2.2832796836064486,-8.258425192565362
2020-10-03,-45.39487609489483,-7.91506449350982,3.0300969223153587,-8.844446124000681
2020-10-04,-43.55102314170729,-7.330103066756381,3.9482277057672,-7.907902213637297
2020-10-05,-44.87843026235305,-8.494287552064108,2.991574145902728,-8.230955392847921
2020-10-06,-45.29752334442705,-9.230043676687083,3.442475932217907,-8.422405682047078
2020-10-07,-45.1672117373503,-7.934553687154174,2.7261153452429867,-7.541450199400375
2020-10-08,-45.125552952756166,-7.438190125728953,2.340002199413945,-6.622489731769364
2020-10-09,-46.865326805956464,-6.858540518132863,1.598803129200344,-6.910280467089774
2020-10-10,-46.86725989576378,-6.837396705697858,2.8229506044834647,-6.552309215258025
2020-10-11,-45.616640048052815,-8.544099936066502,2.697827033637012,-5.7176943046227935
2020-10-12,-46.162286022923425,-8.18608877696815,1.3239366680037596,-5.200352363619908
2020-10-13,-44.80229027340064,-9.02075569397891,1.3711946194193123,-6.322327659119942
2020-10-14,-44.7020467407897,-7.277661018252381,-0.9304930504444902,-6.3417120179188275
2020-10-15,-45.581749586371494,-8.105974939231862,0.21666810779169343,-8.099994745827708
2020-10-16,-45.814969227537,-8.667308942539812,1.7029434893022615,-7.885632268197465
2020-10-17,-45.878460457938466,-9.400110607189209,2.601222431076282,-9.882202203678798
2020-10-18,-47.33934744188472,-9.766594862406258,3.254775997591288,-10.754681564675847
2020-10-19,-47.71266247342045,-10.877722687716215,2.318956319957453,-10.949930166922988
2020-10-20,-48.10606711488579,-10.010153740806789,2.254866989660034,-10.483482295969782
2020-10-21,-47.576508709481125,-8.832596350038648,3.1132582484332714,-9.458961503005838
2020-10-22,-46.95960145436124,-8.800927322991642,2.2538637501499617,-10.268358651956119
2020-10-23,-47.60279121773465,-9.325736305557495,3.0612065863483844,-12.295839386120868
2020-10-24,-48.29079401041311,-10.256855989857076,2.440097226894739,-11.204868932386786
2020-10-25,-47.830983423245264,-12.670686054938244,4.03975487893573,-10.362683691966978
2020-10-26,-47.79692706240254,-13.3135969554018,5.011001298259583,-11.12606838524739
2020-10-27,-49.008036449085616,-12.691393876069677,6.879865705806344,-11.929332811630395
2020-10-28,-49.698014677010455,-10.123407292442828,6.226555751884017,-11.664316418780597
2020-10-29,-50.83908915438237,-8.578125939935623,6.464920219779029,-12.450097653422885
2020-10-30,-51.39455830836332,-8.992094342122636,6.66918522045855,-11.77736521757009
2020-10-31,-51.66564756347738,-8.219052241884894,7.547989574074364,-11.965268076578784
2020-11-01,-51.42305363973651,-8.931080897471933,7.2871990802789375,-13.806015704561178
2020-11-02,-52.318130402287615,-10.046984986199163,7.85966786068287,-13.585042185887463
2020-11-03,-51.94992288193,-7.2917922179679255,6.888191646701921,-11.055036879028851
2020-11-04,-51.123579059857185,-6.162850583325044,6.772462584990901,-11.853523592797323
2020-11-05,-51.26278061219739,-5.886905879075075,7.833747484173168,-13.419760481031584
2020-11-06,-51.59153407034005,-5.975612213070892,6.355826247311401,-14.8980587168691
2020-11-07,-50.07466889403455,-5.472064057720997,6.705434512194107,-14.642473166196721
2020-11-08,-49.473086866364774,-6.173471653718639,6.338726278216645,-14.888673260988027
2020-11-09,-49.772614436943336,-5.089987363014521,6.186043337290305,-15.311141695313284
2020-11-10,-49.529939176247595,-6.468884199131313,6.048913783748332,-13.863300407023916
2020-11-11,-49.42771027642606,-6.650439235693025,6.165364554857991,-13.56713055766469
2020-11-12,-50.41067094828969,-7.54852958499781,6.352999080396848,-15.730473109955064
2020-11-13,-49.428758791660805,-6.621317949199675,6.565165551714181,-16.20119902463334
2020-11-14,-49.46762652487422,-8.363583615481577,7.093090129702535,-16.872615625095722
2020-11-15,-51.16338354918138,-9.438099353709697,6.408094676035897,-18.25052269902074
2020-11-16,-51.07249670096573,-8.095028518768347,5.1666008094747795,-18.05053195053121
2020-11-17,-50.67180660513725,-7.163727419021436,5.406552212728785,-16.73598267974104
2020-11-18,-51.622367353548064,-5.531671121966371,5.061066262976189,-18.51463842126951
2020-11-19,-52.77258383051244,-5.168518380227541,4.833360980605127,-18.069913253101777
2020-11-20,-51.30163364691558,-5.646973074795949,3.7095185565657456,-19.036919180439384
2020-11-21,-51.67546429383543,-5.962160055440306,5.146848241352721,-19.245517684937095
2020-11-22,-52.28054372939881,-7.642274562279683,7.133155081030942,-19.10968810849674
2020-11-23,-51.30608640675489,-8.754501769599788,7.13884512334996,-17.759708902191385
2020-11-24,-50.138072318303855,-8.474426850939238,6.460455258991268,-18.063547578619364
2020-11-25,-49.37503194911804,-9.255502017342218,7.053635497668803,-17.812762537717685
2020-11-26,-47.81383827184914,-8.721871469974824,8.483122696130538,-17.191707873321935
2020-11-27,-47.956296967447116,-7.0330408335012535,7.838737296103175,-18.570375060974563
2020-11-28,-47.65997225522271,-5.353693448246193,7.706045348663396,-18.957462310979302
2020-11-29,-47.66719814804045,-5.9475259033892005,7.624224997776438,-18.08492817016247
2020-11-30,-47.04313851971074,-5.5540522754905854,8.32028117374781,-16.734655658341474
2020-12-01,-47.20102480677972,-5.4706351715113,8.10808177905362,-18.18875746957776
2020-12-02,-48.22497156842179,-4.984019035007499,8.82906494279283,-17.708437113596577
2020-12-03,-48.35429768438661,-4.65144326973315,9.53405484148102,-17.222411497283773
2020-12-04,-46.218856713770734,-4.058704929165236,8.581089346912261,-18.197012503233466
2020-12-05,-46.67373264729075,-4.196556038136898,10.35654855869227,-18.31013343896478
2020-12-06,-44.630311368154736,-5.2288276275800625,10.163718120342084,-15.908170158213643
2020-12-07,-44.718611849348115,-6.57593590686249,9.864102545455069,-15.560897859248554
2020-12-08,-46.203695226890765,-6.948073011581127,9.299491371227603,-17.75953454645689
2020-12-09,-46.93330563507257,-7.948001403103448,9.92992931716378,-17.62482703230371
2020-12-10,-47.64559030630984,-6.956468105411912,9.470392885018756,-17.66360498075194
2020-12-11,-48.14974756840629,-6.792489452425085,9.401297683887819,-16.93551580075372
2020-12-12,-47.65759139869341,-7.1046509378825995,10.02510405983282,-16.874595781324853
2020-12-13,-46.705771644256345,-6.889070110140936,10.102391340173929,-15.292486105946509
2020-12-14,-46.57061594660786,-7.684238213237877,10.007055093977957,-13.960144261042919
2020-12-15,-45.910723286543316,-6.766739960933137,10.52044266469612,-14.089202792701407
2020-12-16,-47.80299498816921,-7.085853599501638,11.76408903758815,-13.961764647804651
2020-12-17,-47.88206918707185,-5.5643445366266375,12.091149873242875,-15.755148498007387
2020-12-18,-49.74106085478541,-7.227467666145937,11.045977443375032,-15.48487286706289
2020-12-19,-48.58582766208115,-5.354787292836448,12.415050240268618,-15.280289896359795
2020-12-20,-50.33784746644245,-6.010140658802559,11.915591621459786,-14.779774866647196
2020-12-21,-48.174398189132084,-6.333821232713438,10.205625007234595,-14.577344388255584
2020-12-22,-46.185216143638634,-7.427723915217914,7.705906367715489,-13.357829947640823
2020-12-23,-45.49252699553146,-8.07750364100031,8.753683890514257,-11.749536250360663
2020-12-24,-46.19593615806194,-8.515135550172616,10.777951884359744,-11.549250166047898
2020-12-25,-47.158219099725976,-7.401076468301998,10.529370425218675,-12.280835232601138
2020-12-26,-46.949090181584985,-7.333171563656009,9.185404121848407,-11.77688285593414
2020-12-27,-47.60918246755886,-6.769601687399984,8.9165365130857,-11.067349067986433
2020-12-28,-48.908432290165955,-6.71142794811138,10.843045570833642,-10.979917518571073
2020-12-29,-47.60874189089179,-7.847335062773968,9.33233727177639,-11.473580906988895
2020-12-30,-47.28469600181891,-5.912318248803997,8.766730959311491,-10.906641830348189
2020-12-31,-47.17095142303528,-5.141152306887172,9.4582701418266,-11.199431651472798
2021-01-01,-49.85367930065074,-4.227424224450012,10.569778502266177,-11.050682093195466
2021-01-02,-50.49778782704178,-3.3188030785496823,10.129686665906315,-11.182526557131787
2021-01-03,-51.66655643765656,-2.1952866074761372,10.345933789980915,-11.169082141783507
2021-01-04,-52.8873184047509,-3.526061391256931,12.114537833036202,-10.993954745490292
2021-01-05,-54.64298221510142,-4.489244725418837,12.983772474348434,-12.606399461377492
2021-01-06,-55.01668741512519,-2.348431895135066,13.456685127537698,-13.625561832073108
2021-01-07,-56.36853205062581,-1.5232384137253163,13.336644987609057,-13.424901044286344
2021-01-08,-56.393067720775576,-0.4695283885141872,13.779817899012809,-12.696755575845676
2021-01-09,-55.696909051773545,0.42164099617108186,14.787041059981853,-12.615305552052401
2021-01-10,-56.57117513234513,1.8251104714579138,14.933369567520767,-13.426791369169546
2021-01-11,-56.13880193605097,0.31529804162920105,14.418681978969083,-13.904261518984171
2021-01-12,-57.839805692517274,0.1319778165462681,14.302207282625563,-15.759916802429933
2021-01-13,-58.243965640285666,-0.19274225177323617,14.644609529711815,-16.208149745207066
2021-01-14,-59.652978269085544,-0.1999677082401914,16.021553159867484,-17.079647624054086
2021-01-15,-58.38037504001624,-1.2839590516362767,16.905268872506397,-18.706079253719967
2021-01-16,-56.796406463657505,-3.3933625010008184,15.368701088500517,-18.14375085093802
2021-01-17,-57.08561201445597,-2.58379903634734,16.18866605018883,-17.766249912020427
2021-01-18,-56.12816360373554,-3.506989195608902,14.04928380874621,-17.98037042657472
2021-01-19,-55.07313873414153,-3.079710987289757,14.616894486057163,-18.562826141919754
2021-01-20,-55.395575602481564,-1.274568652436905,14.675969730678435,-17.952441649356363
2021-01-21,-55.609377573117044,-0.8059367211069358,14.638413934363692,-19.013336272382016
2021-01-22,-56.65739864389592,-0.48652767658317997,13.043909215307506,-19.757516393392283
2021-01-23,-58.26903081899856,-2.0096759710532277,12.20917324343326,-19.73839683002938
2021-01-24,-59.845460394635566,-1.4814951371965668,11.877120299414226,-20.165422875737736
2021-01-25,-61.069707945135384,0.27812823430834754,13.396605653094749,-20.28498695197097
2021-01-26,-61.14455429959208,-1.1660146470066917,12.323819441449976,-19.52245420445187
2021-01-27,-62.39439181697937,-2.119541807572708,14.569437781901154,-20.61903565347746
2021-01-28,-61.708293507985815,-3.284819825321978,12.232951952120528,-21.374243885554762
2021-01-29,-60.19701569811239,-3.147528896121695,13.89108771384327,-20.11029102109938
2021-01-30,-60.69355799634103,-3.257024661840134,15.808276696241549,-21.65286942485977
2021-01-31,-59.82821739018417,-3.4856626877473835,14.683183294867092,-21.14830424227177
2021-02-01,-60.483274981083404,-3.821035063555847,15.561437558682629,-21.127729455174457
2021-02-02,-62.68635616426361,-3.8693263339884085,13.924456248062262,-22.35290359229744
2021-02-03,-63.12452758815041,-4.767831914705961,14.195745077295484,-21.39484660210646
2021-02-04,-63.17171572725626,-4.590401408387503,13.896318456300488,-23.162410057662335
2021-02-05,-62.473501826099934,-5.792613124553104,13.840560601967654,-23.9646268676816
2021-02-06,-62.861694867975345,-5.632690454099268,13.549041036082825,-23.357790375940258
2021-02-07,-62.99598094427185,-4.83852165611396,13.999341137398744,-24.054795810912807
2021-02-08,-61.82456391209619,-3.9621266428332382,13.194113697216459,-22.225593156955078
2021-02-09,-61.151199952067884,-2.78049302903416,12.899046137265284,-20.450944247560443
2021-02-10,-61.720456079062714,-1.7035785884125374,12.32264104448815,-19.70975016146072
2021-02-11,-59.34488087481236,-0.9432624462468264,13.500749150749861,-19.285842740071093
2021-02-12,-59.8848168955997,0.7942536669844977,14.227612532731609,-19.22950609835811
2021-02-13,-59.159359495225814,1.6338896527136861,13.899741885736232,-18.894112370305784
2021-02-14,-58.59311842282905,1.3695582167703015,13.83747905720595,-18.42261325931605
2021-02-15,-58.34611690513629,1.446450311113171,12.854038915078903,-16.77435270757655
2021-02-16,-57.77709245372672,2.4938165628149935,11.959318943733212,-16.201570361182068
2021-02-17,-55.44537221731914,2.662112788966362,11.74268914613895,-16.157217552774114
2021-02-18,-54.496660718822255,2.600451616985954,12.060829846259942,-14.943870782762795
2021-02-19,-52.277127675053414,2.035860031458522,11.742638386552613,-16.559765069678114
2021-02-20,-51.01005367354709,1.4492136045480908,14.392524949361622,-17.5225115957596
2021-02-21,-52.225345646640996,1.7376352188929562,14.410883896178913,-16.415711860044418
2021-02-22,-53.35020618778963,1.2916510315682115,15.280753355507674,-16.80625202779026
2021-02-23,-52.28402437828544,2.3902079306165094,14.144972530444495,-16.483244815764493
2021-02-24,-51.023799086232884,1.8575726449361518,13.48652997595346,-15.560261289668297
2021-02-25,-52.126550169647054,1.1680732446328776,12.345136581216543,-12.48195380922364
2021-02-26,-51.006098972056044,0.24516448385863443,10.985221170749206,-12.285528849505585
2021-02-27,-51.54331688971161,0.40856451969252694,12.067014315539183,-12.1956539191841
2021-02-28,-52.19739250756513,0.8053716446174304,11.667074557788178,-11.655058538440063
2021-03-01,-51.110276627042744,0.7260575619955789,11.898623962258593,-11.216303337456699
2021-03-02,-52.05132174514257,0.5435416488782601,10.511391127750734,-10.984133269035548
2021-03-03,-52.379744993096644,1.2192909549771427,9.434672325194853,-10.08296265442919
2021-03-04,-53.21919321000742,2.4491675547094323,9.575251021585633,-11.073176777410717
2021-03-05,-51.523023057014804,2.256881483209802,9.929251450843674,-11.386649640707658
2021-03-06,-52.13190738137526,1.8974158540831763,8.966891256414286,-12.723251921724245
2021-03-07,-53.72835884188756,2.1009125186649134,8.117543075567973,-12.017208256515804
2021-03-08,-53.868007108634444,2.7098094849945844,7.972161368595881,-13.706389374267651
2021-03-09,-53.59877246543398,2.692246697088921,6.8979014824790825,-13.83201299373013
2021-03-10,-52.71865843299417,3.3560914997282456,5.838981338942423,-13.175012814787735
2021-03-11,-51.41313466783503,3.745970956996752,5.297579770891199,-14.387145093523166
2021-03-12,-51.682478355468604,5.144166706212941,4.251054128494306,-14.952904754352822
2021-03-13,-50.923122126574924,5.01161228253778,5.010899260344284,-16.24625469331432
2021-03-14,-50.48661785118313,5.828570462107212,4.895840693011577,-15.656188600752449
2021-03-15,-50.15902675001625,6.129346607083081,3.3765541935115158,-15.393647839689084
2021-03-16,-51.38636868123235,5.086283801539323,1.8782317112452063,-16.84808111884762
2021-03-17,-52.488902839670374,5.299882590617797,0.8816914266237507,-17.06371730665432
2021-03-18,-52.82594741275411,5.701301759618126,-0.3428181211868514,-17.48433861738218
2021-03-19,-52.75840490081372,4.571542822724181,-0.4222922552608461,-19.85545644766668
2021-03-20,-52.7905370315401,4.819651709348283,-1.447203924341594,-20.397107184061817
2021-03-21,-52.738186847613115,3.305803801613283,-2.246679234139961,-21.378824623243162
2021-03-22,-51.80141352370382,3.9775165987240864,-1.5315237491167764,-21.831499966807705
2021-03-23,-50.998332163020564,4.468695991277815,-0.8853494596131902,-22.520932103293674
2021-03-24,-49.14380412465486,4.255039980910713,-2.857405065946284,-20.843264182817812
2021-03-25,-51.32572235750328,5.52725668599337,-1.419152280325783,-19.450763639023695
2021-03-26,-51.45683442233312,5.907775244996998,-1.2086695105144316,-18.973580132834684
2021-03-27,-51.49368241537158,6.756469155468496,-0.3908209479381112,-19.61927101547173
2021-03-28,-50.62056880694109,7.447250984080509,-1.3209556184350786,-18.336386572741823
2021-03-29,-51.3216155559405,6.811110175221852,-0.2172142688937635,-19.863472579177365
2021-03-30,-50.26587830126431,6.667099518241701,1.5288600934740715,-18.54697768259184
2021-03-31,-50.94373793612315,5.34613751844404,1.4620433705954787,-18.871998470336855
2021-04-01,-50.98573240016865,4.850276405098068,1.9281310992940117,-18.663461204195
2021-04-02,-52.70703129248431,5.568413986110487,2.331065579679868,-18.21392545025738
2021-04-03,-55.565162490281466,6.205398536984367,0.6040441076287979,-16.776585001757937
2021-04-04,-56.950740393755886,7.011890106164917,1.9522297047371435,-17.684997118789497
2021-04-05,-58.86047748600946,6.726140284996058,2.6464522636536008,-17.21050784528847
2021-04-06,-58.43796192876846,8.161963647822407,2.27528021128743,-17.85149340284428
2021-04-07,-60.11954219004073,7.332987946902957,1.344982713292354,-17.45590274806006
2021-04-08,-61.39360902762944,7.533541287633083,1.3051938776269227,-17.27232141621927
2021-04-09,-62.015027262607916,5.731518957177911,0.7189426511847452,-18.665225266317112
2021-04-10,-61.40771761238656,6.004590283234261,1.2200109216932498,-19.378468419519805
2021-04-11,-59.45662114028398,6.730092953329769,1.9614945345172574,-20.108354037797955
2021-04-12,-59.54086618794222,5.597225122143032,1.030816203354152,-18.6902183475666
2021-04-13,-61.45524917565663,5.070544893020343,1.6907574651794819,-20.12322448923171
2021-04-14,-61.237578949535965,5.499543577631104,1.6405306556285524,-21.3583255795524
2021-04-15,-60.904337085116076,4.148051198675038,1.7154582220254793,-22.386493166312995
2021-04-16,-60.598247432734304,3.444391986516945,0.0616289372617318,-22.950607409129525
2021-04-17,-61.47597537628462,3.183463473004299,0.016095020170897263,-22.83628119016195
2021-04-18,-61.58791986525337,3.7041296577828353,-0.1102104795208862,-22.346768924953878
2021-04-19,-61.299304277692215,4.523503786069044,0.8988001095077485,-20.953693791576633
2021-04-20,-61.694414089075025,4.162405312190066,-1.2268157894477565,-21.815187926984464
2021-04-21,-61.845458839282614,3.6713227741566303,-0.9186339473220297,-21.707783080844276
2021-04-22,-61.711141970306244,3.340474047609893,-1.74480584759353,-22.466859402103033
2021-04-23,-61.34888066024295,3.714695953847816,-2.515251222148083,-21.930601233370293
2021-04-24,-63.15287997353368,4.037037002246848,-1.8473897147921392,-21.648192890793695
2021-04-25,-61.972415616478685,4.748841732253372,-1.9613069680482318,-21.148635658279826
2021-04-26,-61.57095333088802,4.936183168712705,-1.6977027045930129,-21.597840705695987
2021-04-27,-62.49272650819414,5.909977375404467,-2.334391389860035,-22.825132832982902
2021-04-28,-62.85569143520513,5.725083656638634,-1.1763293863254205,-22.13873576747692
2021-04-29,-62.63174158312351,4.54190103597159,-1.688935151670072,-22.59571908019403
2021-04-30,-63.01781962623907,5.406304625394001,-1.2458611494052956,-21.622893994458764
2021-05-01,-63.30501625364312,5.141928524386386,-2.5060580967971418,-21.3609620320431
2021-05-02,-61.97975543771618,5.9436501282387,-2.3618379924931734,-19.92439610783419
2021-05-03,-62.207702729968,6.517100397280563,-2.7444604733975275,-18.988195240484117
2021-05-04,-62.586457029962226,6.448243372784969,-2.501889164298297,-18.81346611082422
2021-05-05,-63.19804582367581,7.17652493596312,-2.887936852179409,-18.144516866205482
2021-05-06,-61.96888403437872,6.761961803775304,-3.5284349302438365,-17.519862113607285
2021-05-07,-62.527218172309524,6.677804869084823,-3.5672332818308834,-17.851998539928296
2021-05-08,-63.75241407297048,6.751350914690496,-2.5962043710632,-16.418589653444545
2021-05-09,-64.1254442738905,7.214859378922027,-1.066782942410824,-16.111241190539836
2021-05-10,-62.73866881240479,8.181936798830137,-1.4759546050628365,-16.431205072118363
2021-05-11,-62.03505403430507,8.912575871014246,-2.283883642925246,-16.715568365696537
2021-05-12,-63.27917177331095,9.160638548365425,-1.4000471325220554,-15.43529278744057
2021-05-13,-64.03540765308558,8.824311178896162,-1.1779000594816849,-15.811344771364839
2021-05-14,-63.71217632971628,9.303214810191253,-2.106841104863355,-16.023599376539206
2021-05-15,-63.006511795498554,9.333981402356581,-3.2712944450327797,-16.147433489686467
2021-05-16,-61.549132142794896,8.290585620555595,-3.4877383578477392,-15.271795799568794
2021-05-17,-62.87185852857323,6.968945545125489,-4.2115742091793775,-15.010887629434029
2021-05-18,-61.896782537581025,6.809520383536242,-3.7223786499453526,-14.98776824763416
2021-05-19,-59.94333650985502,6.412104469736232,-3.411335628216354,-16.162386961596994
2021-05-20,-60.873577022730366,5.997156457586267,-3.4607422548846842,-15.803476319703481
2021-05-21,-61.54892803236932,6.401552063991532,-4.224683331719925,-16.007741036530014
2021-05-22,-60.913700668016325,5.21672275750656,-2.737406401864531,-15.56540630900117
2021-05-23,-58.96554156341516,5.330805945512889,-1.3716481627854644,-16.56295847594464
2021-05-24,-58.64547832350621,5.811371088696318,-2.8071401156859364,-15.086023980679524
2021-05-25,-58.836224281081385,6.251779969037827,-3.018188122202327,-16.82449188528394
2021-05-26,-58.22718745934419,8.029161447000071,-3.26167479091142,-17.845901962472865
2021-05-27,-58.63337847668888,8.699794195172784,-3.5426018270612936,-18.260056391878916
2021-05-28,-58.04805245131347,7.847157460287405,-3.8786666789410664,-16.25920773481649
2021-05-29,-56.55875803042614,5.772269178031937,-4.964770091150298,-16.183691931094646
2021-05-30,-55.90995724491879,4.278299463043853,-5.163240169945719,-15.451039261825423
2021-05-31,-56.510842065750694,5.0753628582365,-5.309478428252154,-14.806460675607418
2021-06-01,-58.125301096038186,5.931092179330881,-6.669054575322054,-14.493847567228679
2021-06-02,-56.81469815131924,6.7171108232055445,-5.901331760961763,-12.826375463435129
2021-06-03,-56.35136648603901,5.62913956683567,-5.696446079526466,-12.069065151079593
2021-06-04,-55.37400372762764,5.99186461915554,-4.275474634823288,-12.160538065311448
2021-06-05,-54.303586870657874,5.004530864132289,-3.1259045435563406,-12.109504552413943
2021-06-06,-54.270823499275664,5.64238359275294,-3.447056754385432,-13.500645033020264
2021-06-07,-54.79254943282308,6.102330836524782,-3.5940148526444182,-11.753067478159894
2021-06-08,-55.428663358178916,5.3777611974133945,-2.6170358404418774,-12.264374807003943
2021-06-09,-55.579635288099716,4.5628907110738375,-3.6399849847375774,-12.160718316126207
2021-06-10,-58.07566375133532,6.261824178809533,-3.4283383420321654,-11.443014868101338
2021-06-11,-58.14387567908895,6.065526318101022,-2.8644175776673375,-10.574372895870704
2021-06-12,-58.106048137365796,5.519304327274064,-3.93744651292438,-11.631353795425635
2021-06-13,-59.5515233627358,5.18707421078721,-4.457774451561285,-11.61529879025193
2021-06-14,-59.388384628570144,5.416603950300364,-5.29457822684962,-10.55390720076669
2021-06-15,-59.465155164290216,5.069716200073293,-4.82241902497411,-12.880857943636595
2021-06-16,-59.24324307887467,4.745426174690179,-3.685214098951927,-13.03156120467027
2021-06-17,-59.17039489145277,3.168649803635669,-3.730191588491775,-13.492004885421952
2021-06-18,-58.54970166451103,2.664297152312803,-3.5059298425549805,-13.296648635799402
2021-06-19,-57.66206944294928,2.4865895448690676,-3.975123610822768,-12.916621069811884
2021-06-20,-57.37937527363831,1.1560211370241449,-3.540038394450756,-11.930528658854175
2021-06-21,-58.766043280442744,0.5054903224038522,-3.9624419609479493,-12.720115665368802
2021-06-22,-58.04742365962595,1.7578655541016701,-4.38717555145584,-12.90266267987867
2021-06-23,-57.29508052172887,2.2463648431068446,-6.043872840370469,-11.874445094636203
2021-06-24,-56.91914221513376,2.9322640065418257,-4.167990797896442,-12.22433532263401
2021-06-25,-57.61571049122129,4.00579017323737,-5.351426979796315,-12.674905660382427
2021-06-26,-55.89371507772395,5.674934367026524,-5.2493911411376635,-14.176085285486801
2021-06-27,-54.41531308227826,6.511200128960185,-5.72768902001952,-13.85894245541173
2021-06-28,-54.50930514242509,4.057943736137444,-4.896680478557809,-14.519368405497275
2021-06-29,-53.40134232527208,2.4086404529258023,-6.725585450091338,-13.709786293311458
2021-06-30,-53.83962200862655,2.275255927976847,-6.374398393492502,-15.13796256956538
2021-07-01,-54.413188669008484,1.163516585606039,-7.280843832039605,-15.671104442801965
2021-07-02,-53.36875073494381,0.6417916383292377,-6.239641641998434,-15.525077641695287
2021-07-03,-53.96278865641138,2.789116684735589,-6.860960109236519,-16.885129147858418
2021-07-04,-53.49406306651251,2.201150085864109,-8.242276253336946,-17.67430757380782
2021-07-05,-54.11431052076343,0.33957585875209984,-8.282442104173956,-16.63204346689231
2021-07-06,-55.45880957391842,0.5525921160124485,-8.198396569295609,-18.662263467244898
2021-07-07,-55.35538804322876,2.848915097263421,-7.64083193525876,-18.11041967813752
2021-07-08,-55.051696458845704,2.165419703605043,-8.62803011413588,-19.838237867106823
2021-07-09,-54.38697202102813,3.0880905446549587,-8.037447011871413,-19.17121797303986
2021-07-10,-54.26978737125649,3.3568954573997596,-7.077077576047562,-19.494367400484013
2021-07-11,-53.07983713739466,1.9787344515584657,-8.22453889433054,-18.89932783291984
2021-07-12,-52.7435582956863,1.8409376147930143,-7.9897057639805125,-19.8372870775846
2021-07-13,-50.07416961400398,3.4505146278126473,-7.815932717010119,-19.847904393828255
2021-07-14,-50.010256193442174,2.5295666581921155,-8.527276103322373,-18.2622353590645
2021-07-15,-51.5601195924547,1.9453489912892654,-9.617566598331392,-17.154032969348286
2021-07-16,-50.816213231360926,1.6485029452559998,-9.98431336298847,-17.467682225909257
2021-07-17,-52.338815412075874,3.192134730602591,-10.360213201891336,-17.183613094727615
2021-07-18,-53.05111367577592,2.5455995969744434,-9.220290325055405,-16.38031854823154
2021-07-19,-53.58549201595856,3.027774369346991,-10.073091346483494,-15.789685123908848
2021-07-20,-54.73741660218101,2.834469459822338,-10.057376625700948,-15.018413775034187
2021-07-21,-54.32380915188297,3.9454464994690026,-9.92514864129264,-14.227258185285242
2021-07-22,-53.70824546264056,4.698947706092661,-10.356935855840156,-13.33555533523061
2021-07-23,-52.40559898550363,5.7219807898325135,-12.010101075452665,-14.86994701639674
2021-07-24,-51.193794346019615,5.482238062332921,-13.160987185449411,-16.59084390502046
2021-07-25,-50.63358924018728,6.130342125133974,-12.32464251543829,-16.577357156773996
2021-07-26,-51.127484079275476,5.413439143650193,-14.104221368463712,-17.603487624875054
2021-07-27,-50.313285388421214,4.095633282308927,-13.279210235412492,-17.47901909327892
2021-07-28,-49.6522709572227,3.5886413673002178,-10.135809669838475,-16.814600503484876
2021-07-29,-48.83273161904188,6.804909175862008,-10.478303593550612,-15.944304884340458
2021-07-30,-48.412464657574574,6.16687004648254,-12.476704311982186,-16.850208520625753
2021-07-31,-49.2892792629858,5.689565369484559,-12.333404434879029,-17.630329502037128
2021-08-01,-50.769572063813406,3.1450739061444684,-13.44036905830406,-16.220667395938737
2021-08-02,-51.405384358286206,1.3683142926515495,-13.169881265554428,-15.044748539168591
2021-08-03,-50.75105369717411,1.1668784428735481,-13.093671118719778,-14.55025717407959
2021-08-04,-52.907467994348266,1.7950645046753788,-12.422825478053834,-15.66568483840382
2021-08-05,-53.65038181031668,0.3289926254121358,-13.276492238636418,-14.71095635003811
2021-08-06,-52.785023020336524,0.18700424539242225,-12.781525323805488,-14.12080817713795
2021-08-07,-54.32149937815943,0.030337825695036597,-11.454729391623887,-13.417565253175889
2021-08-08,-54.1466061419901,0.6011409682558371,-10.999736290566439,-13.258333785942153
2021-08-09,-54.7510645190941,1.4340136496399594,-11.540417006017229,-12.610331521495075
2021-08-10,-54.91198624947057,-1.0407531174716191,-11.654947048826434,-13.543912058789932
2021-08-11,-56.610116039382994,-0.833218528657264,-11.501349160245445,-12.863152170792727
2021-08-12,-54.70701986402793,-1.0570284116053237,-10.76244248954777,-10.80975171553622
2021-08-13,-52.38110557030982,1.1484088835980069,-11.338863960164218,-10.342304426852841
2021-08-14,-51.32443467422864,-0.763898141822708,-11.324634730695045,-7.176952762590215
2021-08-15,-50.64465329445214,-0.8967799529632652,-10.851159677560183,-6.567704733545041
2021-08-16,-50.70258313998476,0.10645418139749996,-10.050558029402746,-6.880598825236315
2021-08-17,-50.932584918762196,-0.32898143417064973,-9.871069507989871,-6.873328082430619
2021-08-18,-51.64926147537863,0.3492353137402575,-8.57706633981437,-5.633574838351571
2021-08-19,-50.28941713720851,-0.14477111426134814,-8.803354950440808,-7.446889145696646
2021-08-20,-50.53486909790585,0.10211327397098871,-7.398267942636348,-6.9846932811634
2021-08-21,-51.03278051652499,-0.6444191279966399,-8.034935500957422,-7.141394938345491
2021-08-22,-51.814249737396246,-0.5345150963553119,-6.162267823850106,-5.650719405538478
2021-08-23,-53.2452689527738,-0.5229753993466638,-6.657244241745062,-5.960251451324405
2021-08-24,-53.425618016085615,0.6662430934438227,-5.046188939928903,-6.1397097549302995
2021-08-25,-53.20533993116938,0.17241012923017635,-5.177788571828877,-5.213943128672501
2021-08-26,-52.966821582315916,-0.5677618992766407,-4.180049320492376,-5.12799632070132
2021-08-27,-52.221548213897705,0.9810324302378488,-4.711986205337981,-4.4306675031013185
2021-08-28,-52.122992172073324,2.080659463666543,-5.814201940853799,-4.381832146132298
2021-08-29,-51.44249581834026,1.4686428138302015,-5.188274319537162,-3.4552139824372547
2021-08-30,-51.21282986874251,1.8417665281181266,-5.221934207845315,-3.1373001422585354
2021-08-31,-51.85925942707719,1.491466956311423,-4.004918169851613,-2.48206624413982
2021-09-01,-53.78869626810627,1.607856897785996,-4.60001263756144,-2.7654831222490026
2021-09-02,-53.37322605774522,2.406972035277989,-4.689054814044548,-1.1662095291985473
2021-09-03,-53.120145802963,3.603044466254721,-5.832229215760671,-0.6263220917365299
2021-09-04,-52.270990968965236,4.026946084904799,-4.924946418155215,-0.523118023659283
2021-09-05,-52.34411946402341,3.9790554432876415,-4.776402109353807,-0.8317795240519399
2021-09-06,-54.27737003456076,3.1418446478954167,-4.329721872673722,-0.8794707849252372
2021-09-07,-54.83888210448702,3.9580910420747433,-4.752815031096104,-2.6344781244624107
2021-09-08,-55.590311840818885,3.479545124325648,-5.357546209939443,-2.2536666304460744
2021-09-09,-56.90704469318362,4.794563618792706,-5.851038735431366,-2.3994664834483967
2021-09-10,-58.26641930704132,6.3591838084294645,-5.477112075247701,-2.793071941807057
2021-09-11,-59.47516861308026,6.967104888114546,-6.467102667421965,-3.4176355243431673
2021-09-12,-58.30954329183142,7.082676101859958,-5.2582060463221,-4.044096193907999
2021-09-13,-57.52792078167416,8.838779090032356,-7.682968724655522,-2.2099592726228003
2021-09-14,-56.56591769871902,8.499223790592467,-8.366628747597472,-2.3323755774570403
2021-09-15,-55.97512789029312,8.44078587789524,-8.656759991396868,-2.2273686152143304
2021-09-16,-54.88556522226751,8.021693416947592,-9.729590137519326,-3.8756283799787017
2021-09-17,-54.139699823121,6.573024746266675,-10.186774191543517,-2.558195226913869
2021-09-18,-53.80647878846353,5.323524046710654,-9.379239770375134,-1.32935807712274
2021-09-19,-53.26950753683085,6.129576631062173,-7.613393423556214,-3.9972938921372485
2021-09-20,-54.51590239036514,5.570102103399207,-7.958605754684774,-3.6950149918272537
2021-09-21,-55.400773526082254,5.736806918588623,-8.875792232162109,-2.764826458442493
2021-09-22,-54.750049064213925,5.015822174426864,-8.649288437539001,-4.221996183908347
2021-09-23,-54.395727968207815,4.33647882761782,-7.638687483232801,-3.9555000060793457
2021-09-24,-54.21882556860909,5.2668309293076385,-8.432512660894327,-3.3905352826441875
2021-09-25,-54.80429847494446,5.363111846793066,-8.964650293022723,-1.9040044224669852
2021-09-26,-53.672715800446205,5.63044493731027,-8.717608992707408,-0.47807694285090707
2021-09-27,-52.82644383402319,6.202248555812617,-8.45797034133296,-2.5666744738910587
2021-09-28,-53.32120511096936,6.325856990451117,-6.620318285354987,-2.139539193387852
2021-09-29,-53.78364911503487,5.061709174619922,-6.695473217712093,-0.9321701196520771
2021-09-30,-53.61137286633617,3.8556982295624698,-7.579217720705098,-2.437716764224397
2021-10-01,-52.52930880563396,4.684417290798531,-7.321361195204279,-1.450318356821989
2021-10-02,-52.086068877732956,4.790285715142678,-8.007910083487676,-3.1616350830518742
2021-10-03,-52.26754330957096,3.8321373097518237,-8.353521557999926,-3.5438742689086147
2021-10-04,-52.196241542588055,2.6482915439130714,-7.837175936749896,-3.5813715215058717
2021-10-05,-51.61376764393409,2.6191866827570807,-6.441895820544058,-4.410059552503165
2021-10-06,-51.916407948723084,1.9317393410973174,-7.1988907636828445,-4.732352340620164
2021-10-07,-51.551251088727234,1.2830002152944853,-5.971114010751999,-3.0409051266856437
2021-10-08,-50.63299722439637,2.943797146875411,-3.8203967781269883,-2.954349382383331
2021-10-09,-50.33413657612385,3.21714053494572,-4.407273171918996,-3.167752916255742
2021-10-10,-49.016420087035605,2.196057840574865,-5.753245573283521,-1.4308439774687356
2021-10-11,-49.246005065757444,2.9297416715431672,-4.814358154051273,2.1585827007478353
2021-10-12,-49.845522623992395,2.7510676660137485,-6.801518126630088,1.0760672493387273
2021-10-13,-50.57786333988602,1.8852862577160603,-6.330140430698882,1.5880151782920318
2021-10-14,-50.24012837685949,1.9564339810267237,-7.480164342894218,1.6764999320115603
2021-10-15,-49.846834138564645,1.635320076114471,-7.825053601180604,2.1481166431704786
2021-10-16,-49.03115928896129,1.181719798258701,-7.967171138401077,2.34715179055743
2021-10-17,-49.29834828938461,2.73901375697132,-6.838809077636005,0.4587353504663567
2021-10-18,-49.2470063987175,2.8750654545317853,-6.5459046039640425,-0.2524895668687581
2021-10-19,-50.71655090479962,1.3968028343725418,-6.541009222966579,-1.0809810730164822
2021-10-20,-50.627405441471616,2.9791251952278603,-7.625449900663581,-0.8341243922767964
2021-10-21,-50.38804750081657,2.749511717671817,-7.855006237840068,-0.30029772591528614
2021-10-22,-51.92526632909109,3.6448289951566366,-6.839096722883986,0.7834747210635706
2021-10-23,-51.801180762639255,3.679334699863976,-7.125621166375945,0.8495509767184382
2021-10-24,-51.0433551719032,3.6746669809888735,-6.550027994325795,1.2254524073364357
2021-10-25,-50.189764551718376,4.98761214109731,-7.076499494403539,0.433089828415824
2021-10-26,-50.5761261415318,5.743999102104767,-7.511985063066475,-0.20080221065843085
2021-10-27,-51.70701013014347,6.571832575821486,-8.286532825534204,0.3079496168593442
2021-10-28,-50.948163156170686,6.9588556861842745,-9.203188750191904,-0.34742648312091184
2021-10-29,-51.127390869081125,8.03046099721595,-10.300712061553194,-0.5445151093186504
2021-10-30,-51.12827984258092,8.341606931018186,-9.433650645915854,0.4146782652147757
2021-10-31,-51.92438598987573,9.710319964715902,-9.619409247801455,0.24556441923973074
2021-11-01,-53.780162898147395,9.461022036749148,-9.576695599845985,1.3707450516028372
2021-11-02,-54.254265338113306,8.17323733241739,-11.212574341612312,0.29152931172491203
2021-11-03,-53.49441102928315,7.1103632131485845,-10.289250289860474,1.2693110648603736
2021-11-04,-55.33706239599638,8.63442779436254,-10.634127549795805,-0.5168758377879701
2021-11-05,-55.34276681333626,7.5043313964066645,-9.550080718405727,-0.21526308033764668
2021-11-06,-54.44263195255244,8.106976370926441,-8.132462435800337,0.46118247153889996
2021-11-07,-54.05291998945247,7.9990573434735035,-9.813187256729737,1.0539410852846032
2021-11-08,-53.036235608519824,7.590214584533283,-9.744192272612414,0.7769243027726158
2021-11-09,-53.47472487919824,8.180031822969553,-8.882742334016505,1.5725036459451383
2021-11-10,-54.19978321348025,8.843316441671089,-7.532012256008073,1.8928727824014224
2021-11-11,-52.27081140624021,8.258801812574648,-8.053755144858284,2.8038444679121546
2021-11-12,-52.36296585206907,8.393351571419732,-10.56529015777863,3.1180576658343493
2021-11-13,-52.30382378746551,6.742215315153711,-9.562631554041984,2.8270000376697997
2021-11-14,-50.99719600606231,7.2667530391549935,-9.627141795368484,1.3295315335259
2021-11-15,-50.855614784057614,8.095919456798656,-9.544415972692375,1.0198318659609835
2021-11-16,-49.78120289983193,8.51507459613406,-10.121142087996148,0.5745513456519071
2021-11-17,-49.583912082225694,8.865670790509968,-9.937192682591172,0.5096139130061306
2021-11-18,-50.89533772952336,9.297028370034532,-9.483372645990677,0.1561174601567668
2021-11-19,-49.28761333801834,10.926331895281352,-9.981703249071254,-0.8940296122062688
2021-11-20,-49.99789271685825,11.859528916817968,-10.149675007005806,-1.7395749721882614
2021-11-21,-49.446147814731745,10.345477307031786,-10.60241750916462,-3.6437655804645956
2021-11-22,-50.242600636038354,9.335337402293757,-10.516801332398149,-2.5547981831197015
2021-11-23,-50.35735034774685,9.352375096571569,-12.538575018797205,-1.8681427727181354
2021-11-24,-50.79794196312781,10.055747355666465,-13.410003311354071,-2.0767214994058976
2021-11-25,-51.55169303400349,9.814935374329352,-12.594421431417274,-1.382342768763504
2021-11-26,-50.68981382933815,9.802770965158102,-12.114780802106612,-0.1414025409313837
2021-11-27,-50.825670074138685,9.188251437160476,-11.009235233864642,0.4897586084147584
2021-11-28,-49.80923512961507,7.845124181397338,-11.906954102127617,2.49057755288676
2021-11-29,-50.21749609778643,7.3227174390875245,-12.604840287684318,-0.3262005110206512
2021-11-30,-50.46388233978744,7.841171563069422,-11.644230822761738,0.4390754866882449
2021-12-01,-50.196609132242784,9.80625507465624,-11.218255613779588,0.2548258178017667
2021-12-02,-50.34955598387591,9.152408456527267,-10.311021909835713,1.5330040277432468
2021-12-03,-49.40561547104415,8.517814897548487,-10.997254125032333,2.174033250765855
2021-12-04,-50.013853310995536,8.35615619055086,-8.14521189626855,2.7472345292634017
2021-12-05,-51.441762132312924,9.257698546064836,-7.584906632830359,3.2072618140074827
2021-12-06,-50.5353855569404,10.441752355581677,-7.809390634797622,3.1260604526570455
2021-12-07,-51.689543948213476,10.906672026580354,-8.451498976853749,2.786077956320164
2021-12-08,-51.60392411375188,9.955606949370845,-8.638019749352457,2.765437871028374
2021-12-09,-52.64716851757942,10.081828953637707,-6.463052236336809,2.415680557355651
2021-12-10,-54.53246769736135,10.733055066203494,-6.578263824783795,2.7657885681194174
2021-12-11,-54.617657390882194,11.479804817060106,-8.075859378564004,1.284615327994414
2021-12-12,-56.23412975351579,10.59276303521084,-6.8337459183569695,1.1635184383604211
2021-12-13,-56.54222196180963,10.715131294229185,-6.496868114811524,2.045478958187053
2021-12-14,-56.6628593965645,10.263094082231978,-6.898214956303202,2.3291671457011214
2021-12-15,-56.02115863963583,11.540972881606885,-6.248035732579656,1.3926654974623371
2021-12-16,-56.265571636541274,12.235804339053534,-5.3974578182221995,2.2928005961713955
2021-12-17,-56.70224918786332,12.305818019547452,-7.213359615720264,2.8690202812831225
2021-12-18,-57.28443730859441,12.173037204887377,-6.837400881021317,0.9243670929862622
2021-12-19,-57.157590118447864,12.140855841587127,-6.632683873187759,-0.7118087806405708
2021-12-20,-55.987210088662124,10.841753980664713,-6.172399987412652,-1.6160983414538763
2021-12-21,-56.74743540778073,11.041598950231656,-5.7493300672402405,-1.0607909126243076
2021-12-22,-57.068608797665334,11.813236327895268,-4.334789887559529,-0.591229744493843
2021-12-23,-58.29433647162609,12.494081279803636,-3.268641821998238,-1.6641868107184594
2021-12-24,-59.02818766274197,12.017216799284252,-4.201364247907758,-0.5777280904347906
2021-12-25,-58.578616764077644,12.045787861406398,-2.858028572542345,-1.4609260487972175
2021-12-26,-57.35170612152699,11.3450212251248,-2.8002004613922478,-0.8211628869235184
2021-12-27,-59.114312559828,9.904789680818606,-2.49872178781165,-1.4732496284887922
2021-12-28,-59.94993265737388,9.442736064611406,-2.177342194120469,-1.5970102476165897
2021-12-29,-59.069206256793905,10.038580240781027,-3.08188983944314,0.3551373408525671
2021-12-30,-58.955967768604005,9.849203766013359,-3.370541998091272,0.13078481523177934
2021-12-31,-58.424070371520074,9.430346957628657,-2.61902033800585,0.685875556990769
2022-01-01,-58.5195621493815,9.202690086654577,-2.514937506481407,-0.3929842834876741
2022-01-02,-58.12644546712079,9.40326399516703,-0.8648043742473848,-1.0736353751557153
2022-01-03,-59.02680045458028,7.777693592511342,-1.4023272459992777,-1.0894163577548575
2022-01-04,-58.51214992698708,7.42048296947501,-0.23868056427945294,0.498986244400911
2022-01-05,-58.223931722549146,7.995938821227074,1.6499332748868214,0.6136863142403253
2022-01-06,-58.15299266741261,7.7054590204571305,1.2524982733290049,1.1304616373601983
2022-01-07,-57.743021467864885,6.695566443601902,1.595738086997002,-0.29463063251693256
2022-01-08,-58.79061071621924,7.564465124828984,2.1357045361525353,0.43492689098423976
2022-01-09,-55.69395903898843,5.471194961847471,2.7918754639921075,-1.3001819348682462
2022-01-10,-55.19389646515958,4.130918703643941,0.8690651982484006,-0.5290305581415062
2022-01-11,-57.1376962707259,3.7945771577817498,1.9478727450248217,-1.0938611512130223
2022-01-12,-57.805232264609565,2.1100590313910903,1.1208681128576625,-1.7979094985456356
2022-01-13,-58.16746054066762,2.7871488810794975,2.342992132560181,-0.8019850894449894
2022-01-14,-58.10744132246369,2.086032040096182,4.397661916088007,-0.8000537404870641
2022-01-15,-58.200723148798026,2.2248410802511773,4.699825804336894,1.1661858260576285
2022-01-16,-59.43521581800388,2.6470712337974622,3.433176664469916,-0.2814468654133364
2022-01-17,-58.823556746001024,3.702936724620284,2.7267079706141133,0.9214246549066976
2022-01-18,-58.51361767113471,3.0611627898867635,0.9072403500754822,1.789686176401764
2022-01-19,-59.599764915870715,2.3074543469154847,0.773686652109991,1.9872680385264798
2022-01-20,-60.66535429699198,3.537986039625169,1.5914975766665986,2.0700225882298797
2022-01-21,-60.59188402168495,3.7780870703155096,1.2679234565800117,1.2724487188602063
2022-01-22,-58.44960746532366,5.284660462685075,1.3411866028591555,2.143517329942521
2022-01-23,-58.11018266906295,5.475337279227457,1.9756901223203185,1.7533093445387906
2022-01-24,-58.99659135016147,6.179016264734883,2.049552220446876,2.9179372021752243
2022-01-25,-60.06735008087569,6.349350309537577,1.908372712977321,1.0199568508116408
2022-01-26,-59.61322030560315,5.445974877277618,1.8535219984265343,-0.30605206662937556
2022-01-27,-59.64813278776734,5.663085569222138,2.0400300738888393,0.07201915725029912
2022-01-28,-61.79381363276379,7.616828469562415,1.9810984316681928,-1.6277079316666359
2022-01-29,-62.00938562869019,7.303431022519857,2.2931997249521228,-2.138293175893322
2022-01-30,-63.38258791692698,7.20973236792301,1.4947061971211015,-2.091100431816232
2022-01-31,-63.45167135723675,6.771939826600334,2.683013203476417,-1.1797208820638543
2022-02-01,-63.20355445713173,8.489496468224363,3.223112579059847,-1.8333884879883888
2022-02-02,-60.689916566833666,9.043843094688075,2.564402992111464,0.6928413063372336
2022-02-03,-61.49106018358595,7.992109971130253,2.5197329467222676,0.18379133839606643
2022-02-04,-60.77813866576903,6.099707182752377,2.1516574362932817,0.47645486362965744
2022-02-05,-60.965595718890526,5.611394988613583,3.294815409773639,1.4365673036353088
2022-02-06,-59.418467842841125,7.07264456422093,4.027255810977749,1.1146920596710594
2022-02-07,-60.59374189629441,7.987211382410548,4.5399515235097745,0.3184666715675477
2022-02-08,-60.67568088442682,9.22406953065515,5.635178475137451,0.01873233289111248
2022-02-09,-61.421636247071106,10.499601339052125,6.576131874937928,-0.4295235604989738
2022-02-10,-61.04980238651216,11.820548093976877,7.266963309517629,-0.8023409382192015
2022-02-11,-61.051250483434416,13.389584051435365,7.186813831093274,-2.3261105537403695
2022-02-12,-61.38132443338918,15.015603148868589,7.112839269826874,-2.402836678111049
2022-02-13,-61.08994875768593,14.855558974434981,7.742542753462123,-3.9107174090004033
2022-02-14,-61.43942135569874,16.34696650148613,9.074131637350849,-4.463079282939615
2022-02-15,-61.59573782262361,15.40614163381875,9.458641580766976,-5.177585952808403
2022-02-16,-62.23183499732546,16.266171815336612,11.112525988957048,-3.0403038130276157
2022-02-17,-60.22608806997715,14.685284643220252,10.114017566927211,-3.1249317385040287
2022-02-18,-61.86744818134064,15.2960538395576,7.389329057829606,-2.994378677930956
2022-02-19,-62.63155905938963,14.89756027338455,9.172987172007018,-0.9398987606658218
2022-02-20,-61.96145297265439,13.133868548059802,8.248888092720515,-1.67017315316434
2022-02-21,-62.050370070910745,11.275960837965938,8.547245850263506,-1.34351200255862
2022-02-22,-61.8269504893064,12.057224847171526,7.05386552315207,-2.126982775179634
2022-02-23,-63.49002138255154,12.395422786943815,8.696801218120097,-3.836130547729577
2022-02-24,-63.90672327740284,13.062253559262583,7.504383276588575,-2.2469230983486503
2022-02-25,-63.44508972784824,13.359948280531215,6.303594006186842,-2.307375124599221
2022-02-26,-62.33434039062605,11.496179547135585,4.34285806902191,-2.638508912687128
2022-02-27,-60.79796138736682,11.685249261430608,4.537044042953264,-1.528874168539813
2022-02-28,-62.44912439415554,11.552809326691072,3.129563492260433,-0.8771628608011467
2022-03-01,-62.4913591504351,13.38625726610555,3.198912186770082,-0.6628728013910342
2022-03-02,-63.33821848111813,13.326335835107642,5.838865607693444,-1.8567981360246435
2022-03-03,-63.04102661828027,13.061967243124863,3.9300106962604455,-0.16979425309922247
2022-03-04,-64.81533868601895,14.058308164902801,3.499494085298146,-0.5836729476721441
2022-03-05,-63.75437976541295,13.690078934003235,4.030601842722107,-1.729186088555571
2022-03-06,-63.990974644159856,12.49534279604527,3.7903782041333574,-2.706515727105125
2022-03-07,-65.26094197322313,10.708335229806897,3.947727155161787,-2.9696302036881583
2022-03-08,-64.67552798940791,10.047010454169902,2.0587753695327775,-1.2953101292788005
2022-03-09,-64.09424791005526,12.582399043327197,2.979965768847635,-2.9586229615573907
2022-03-10,-64.3628742581873,12.371940593384886,3.2755489136363014,-3.0041364396889145
2022-03-11,-65.26768172703564,14.195358785710242,4.080047924745716,-3.672090866538768
2022-03-12,-66.08481095811189,13.753770471914365,4.851491325393127,-3.8481802053930987
2022-03-13,-66.04588287416871,12.24867092621469,4.096625169364628,-5.922137027453962
2022-03-14,-65.01464435633804,14.787216262820326,4.542491878203927,-6.745207252252843
2022-03-15,-65.8770950694052,14.039009076490487,3.5378747546681133,-8.030329829374176
2022-03-16,-67.41058491167645,13.976546508909166,3.4158906759413394,-6.929492191664989
2022-03-17,-66.58526362365124,14.485370318639218,2.2608386739979345,-8.0865273817252
2022-03-18,-66.14171328112454,14.077138231627414,1.9805738423242414,-9.494137960653463
2022-03-19,-67.19624587687834,14.962728933938557,3.108428824058355,-9.954980392922407
2022-03-20,-66.81242545355731,16.79072574122364,4.59687985581559,-8.536049793914549
2022-03-21,-65.72298730291786,14.924476885631444,4.498929261515314,-7.6433044198542
2022-03-22,-64.31592967838557,14.616595432034257,3.857752652198333,-8.661376164655959
2022-03-23,-63.772242710360835,16.09127128159595,4.005220106103835,-6.478477015363925
2022-03-24,-62.60577946365568,16.515675587415437,3.0544633692386447,-5.0246307535563215
2022-03-25,-63.81397258137912,16.89976333416364,3.4561134141133003,-4.488986583387966
2022-03-26,-65.03126594487274,18.048783468466645,2.586170436607536,-4.792150898227369
2022-03-27,-65.37923057309797,17.121102036026464,2.794315658286303,-5.344033458198062
2022-03-28,-65.53979791607964,16.494861464174125,2.602048631154621,-6.084754626805726
2022-03-29,-65.07097496693753,17.5078280001765,3.346676446725749,-6.182472110949698
2022-03-30,-64.9662269144442,17.133965118719097,3.07523851204191,-5.954802059170973
2022-03-31,-65.3253770164242,15.861029106966459,3.3990699986730837,-8.015727956135542
2022-04-01,-65.21800849519776,15.217470516843473,2.866884615460831,-8.547878526308015
2022-04-02,-65.16949538964076,16.214146894740733,3.9184425883468657,-8.636316382535036
2022-04-03,-66.03179965547982,15.674546151169807,3.643110131253307,-9.089428261160354
2022-04-04,-64.58066415810865,17.08579251559048,3.9494718399707125,-8.589632723179921
2022-04-05,-63.648767054313986,16.7725165775789,3.5839427538484125,-7.923488774935042
2022-04-06,-64.8507402562684,17.160303238771732,5.527877553500051,-6.615389134946421
2022-04-07,-64.5056683778834,17.580642304639184,4.762293557917638,-7.706579789186329
2022-04-08,-63.719453855347055,17.86587886227348,4.53967132031092,-7.361899722302924
2022-04-09,-63.80939066387099,17.480666355409213,4.756726667796409,-8.103961851773692
2022-04-10,-63.960757477307645,18.035672325619387,4.765033607834136,-6.661568166865829
2022-04-11,-64.08784231478873,17.086652948149684,2.8398866333355164,-7.148809886928787
2022-04-12,-63.33665837389876,17.85620012035908,3.183395532255366,-8.324181371396747
2022-04-13,-64.67532877947725,17.995920974817757,3.0357395335333557,-8.091579492946849
2022-04-14,-64.63749121462166,18.40308831498265,1.8170558054378774,-8.539012156326084
2022-04-15,-65.31428741090377,19.322226361020448,2.517878679772058,-7.5007280995443075
2022-04-16,-64.72135004781991,17.53706750082426,1.7230168351790653,-9.339338138510957
2022-04-17,-65.39208042049597,18.084422533951265,1.5558598701084374,-7.62245987286956
2022-04-18,-67.20239299361822,16.809136728381887,2.0914402004503683,-8.046587957637833
2022-04-19,-68.61059962804367,16.212476620842097,2.904951969342285,-8.872829814194343
2022-04-20,-70.20998522896178,18.48983497261407,6.13716488341192,-10.649893995125538
2022-04-21,-70.16190620072231,18.717839477674328,5.008165765644779,-10.292843493422417
2022-04-22,-68.74483398883501,18.682358013756087,4.631954061430874,-10.164529583540956
2022-04-23,-70.5313700681407,19.603203550508425,4.430279538790288,-10.73740819610357
2022-04-24,-69.62520630650532,19.280214864218912,4.113473214700244,-9.735061940630745
2022-04-25,-68.21522876213056,20.16438672925685,4.472838917169555,-11.76920649821893
2022-04-26,-68.26063401830903,19.739975691719195,6.0181335854880045,-12.174009357186987
2022-04-27,-68.85454058024658,19.228713303177063,5.467930083168456,-12.060195142663542
2022-04-28,-68.75855258527376,17.43041158263958,2.146813838626307,-11.353608181945656
2022-04-29,-69.05026494769548,18.881781390998476,2.9457169404833223,-11.903545086071794
2022-04-30,-67.86901640772534,19.96545438651319,3.1629312885426564,-11.882872896714662
2022-05-01,-68.11779296983492,21.77811986305588,2.724977760708146,-10.431495712069756
2022-05-02,-68.59207548481723,21.752895906898406,4.019437103630418,-9.095485381842808
2022-05-03,-67.47668140063385,21.54204151787226,3.6945670093552763,-8.083766051187595
2022-05-04,-65.57347937855484,22.63378348104948,4.449458434635656,-8.620587694188085
2022-05-05,-66.006562284582,21.875184902447092,4.938662993618591,-9.59726093960724
2022-05-06,-65.3999511730967,23.689383333361864,5.551923997584282,-9.303476494191246
2022-05-07,-65.34377529657006,23.612794845734992,5.702934821747388,-9.210931314732786
2022-05-08,-66.07158027329925,22.8789576917862,4.704394406032312,-8.748399424555723
2022-05-09,-65.73201433150577,23.060202995863392,5.2860980084587865,-9.307147391451537
2022-05-10,-66.31268849703393,22.098900824559372,6.728093201913428,-9.94205256302913
2022-05-11,-66.34592556038275,22.382190076800207,7.661924725991366,-10.954596609558829
2022-05-12,-65.24857053860786,23.642876854722893,8.332368951127295,-10.74111145845952
2022-05-13,-65.0302808543093,24.718841227225568,8.017236800153505,-8.203824901818287
2022-05-14,-65.75031832885968,25.326091489284437,7.032587701017329,-6.438853054903013
2022-05-15,-66.5404160496245,25.258906309445166,6.868954848209291,-6.815131132561938
2022-05-16,-64.97082244011423,25.427296392556293,7.501948957363173,-6.535698142826847
2022-05-17,-65.3448237214615,25.73127689477476,9.52139669369652,-5.255776982278025
2022-05-18,-65.42714042212489,25.9482316052922,8.415292409907703,-6.512971732784502
2022-05-19,-67.05223439785608,25.5588198090966,8.378301813065368,-6.648867484862519
2022-05-20,-68.61037937219018,27.72823782290994,8.07701280389798,-6.4418031421989195
2022-05-21,-68.48152473409014,27.533396206313537,9.895105529988331,-6.494123286918834
2022-05-22,-69.57796090462382,28.445539890144367,10.737744222552525,-7.858123900493412
2022-05-23,-68.60285467625123,28.695401214288548,11.600624628252278,-8.688334348699128
2022-05-24,-67.27494499888854,29.5444529285969,11.07472343975168,-7.493076431253078
2022-05-25,-64.78085911553208,29.877597285358164,10.962828256600273,-6.040721214961625
2022-05-26,-65.71438390418906,31.72883267087076,11.794880356859162,-5.30196331780107
2022-05-27,-65.86549829858002,31.539967118698637,11.876161887775128,-3.904713642064701
2022-05-28,-66.03082923068895,30.591202113768215,11.774394906264872,-3.5029497511716117
2022-05-29,-65.71799326686772,32.033107427924044,11.882407327556828,-3.443271373763521
2022-05-30,-66.59241490323895,30.88085450980854,11.203581687584087,-3.1386825118623993
2022-05-31,-67.0473071507339,28.92291800296889,11.06286357358339,-3.114736138788503
2022-06-01,-67.30994256492983,29.85277942285846,12.015750644905957,-4.355298690961781
2022-06-02,-67.93733140309216,31.19479231772563,12.063876019934346,-5.14682140581338
2022-06-03,-67.22271095507008,31.31123105257396,12.910955925413909,-4.596129970322953
2022-06-04,-66.02563578523335,32.06776296022867,12.878830862110906,-4.6907693492686136
2022-06-05,-64.82879966921885,31.802731281790738,13.094066785601362,-5.406197445028622
2022-06-06,-64.98361873355422,32.215410456737274,13.201261650123675,-4.933328544011691
2022-06-07,-65.43137803045022,35.42311974718417,13.99000508010071,-5.727692246405412
2022-06-08,-66.6963522942704,35.493893764876155,13.313893126397742,-6.041636960021183
2022-06-09,-68.33269085949125,37.56472882094734,12.89278154564011,-7.553138768419002
2022-06-10,-69.03032727488316,36.928459501984605,12.95081806782233,-6.147266420649361
2022-06-11,-68.34070260557957,37.24323071862221,12.202724987730766,-5.32610771484334
2022-06-12,-70.00148644651584,36.21605602540071,12.504544898416146,-3.9358716885238088
2022-06-13,-68.25497568238752,36.364819667369474,14.234336960851744,-3.3937270369490653
2022-06-14,-69.27503829957288,35.61112674364096,15.11683650988418,-4.856294024741986
2022-06-15,-68.66037854336038,35.54429041976165,13.850028367016998,-4.536351068597297
2022-06-16,-67.54730998503926,35.39224032066982,14.882478981326535,-4.520818527518345
2022-06-17,-68.33800916491788,36.364403529624056,13.785620106986887,-5.278840520893113
2022-06-18,-68.59721744545384,35.93899853707702,13.018916771548342,-4.83164736810073
2022-06-19,-67.84185745706874,36.67062825781494,13.207612445666399,-4.142847828262874
2022-06-20,-66.70164706981166,37.13359698326562,12.310985970963436,-1.795412554404646
2022-06-21,-64.39217725019043,37.654082798063506,13.788794468816215,-2.7414878961355056
2022-06-22,-62.677421733940974,36.338314715515644,13.973053796020295,-0.94748859591711
2022-06-23,-63.09445834130504,35.97572489463267,13.366463862025995,-3.016429268124881
2022-06-24,-61.896208316263525,36.35781823819974,13.25254614452788,-0.3763811546170075
2022-06-25,-62.4556384161574,37.351763632119805,13.142620269415094,-0.3911456123438084
2022-06-26,-63.36012666097612,36.70402457127146,11.670744942905666,0.05851144374720252
2022-06-27,-62.71677775168085,36.4797099866153,12.307977942473194,0.9751468459667315
2022-06-28,-63.13307412417873,36.19671475802124,13.612709007749329,0.7869097976616806
2022-06-29,-63.120492248378085,35.52820433276864,13.478665808499882,0.08694445118325422
2022-06-30,-64.12575632402022,36.01264648999695,14.918699933409432,-0.6424852187491795
2022-07-01,-65.26944883577421,36.323942616998266,14.44581674218423,0.04915865284234944
2022-07-02,-66.81108806720779,35.69513309129062,14.926883015946268,-0.031848987644084684
2022-07-03,-66.88830354673678,34.58253782187226,15.208789791579086,-0.35883766324140276
2022-07-04,-66.10232935410207,36.03493358515729,14.247734711620748,-0.1804753568024478
2022-07-05,-65.50581630074154,36.513798367569855,15.241124973447628,-1.7216443372950367
2022-07-06,-66.88368290635067,36.913208764676746,13.969607092097966,-2.0052433557463276
2022-07-07,-67.50521639491099,38.24984929316853,13.723648811341581,-1.8342216458565155
2022-07-08,-68.35051700518918,38.389529899151604,13.571475014854688,1.1505043850188905
2022-07-09,-68.4250662367183,38.37372122074692,13.895317980983263,1.0351274201145957
2022-07-10,-68.92821491710643,38.74208426890174,12.664117094258975,1.9411231583952155
2022-07-11,-69.71459262582337,39.01347210666982,12.432904340101112,-1.407283652930597
2022-07-12,-69.27961511239178,38.15395428504719,12.389804902455426,-1.7949191548293264
2022-07-13,-69.59371319967639,40.10162574889865,12.744711543913944,-0.6295557355045815
2022-07-14,-71.45022902508077,40.03393218915185,12.442949008573423,-0.36170078270789274
2022-07-15,-71.09004852227703,40.17861648650874,13.277891496642713,-0.2582122976770976
2022-07-16,-72.50155602078796,39.32185232891774,12.989540838089678,0.7267075715933728
2022-07-17,-70.898605152674,38.48804185266401,11.425900043803077,0.7144022658876573
2022-07-18,-73.15642158433054,39.380824256397375,11.967363476640934,0.21474960462030807
2022-07-19,-74.76585516263482,39.18782947215556,11.17244927220324,0.2987075931796447
2022-07-20,-75.83760998094598,39.31118517853811,9.859114168448992,0.2765019896509008
2022-07-21,-75.70691309394763,38.450477040898484,8.554545900191467,-0.31147256883386665
2022-07-22,-75.76020053765193,39.60497180312014,7.7502646446070855,0.33029590900601113
2022-07-23,-74.83759365023893,39.4230245103522,6.102688712656686,-0.6417426090080834
2022-07-24,-75.45923225865323,38.833112181233105,6.403257325936794,-0.14054062116540478
2022-07-25,-75.51737266349849,38.21619652610499,6.167518342482148,-0.5715673530159139
2022-07-26,-76.18063456600761,37.631593637176636,6.303834106812282,-0.7107626822589962
2022-07-27,-75.32960194772915,38.73916435694602,6.959643287065088,-1.0797523137131229
2022-07-28,-76.7689940882122,36.980654350026015,6.353929692866398,-0.6700044873666486
2022-07-29,-77.14735283637008,35.40776020516789,7.222865967744539,-0.5014279220784684
2022-07-30,-77.59966120068391,35.76345559324422,7.577642055886589,0.3819052515719681
2022-07-31,-75.55212238770017,35.20882883048008,6.766455427254329,1.4432769015687728
2022-08-01,-76.5173940113575,36.18534192152884,7.017128456753476,2.1786002989232434
2022-08-02,-78.08359851522702,36.08716950310533,7.612184428571341,1.1499625296028004
2022-08-03,-80.47897368640378,36.48770411901192,7.855901779052883,-0.29359420451029306
2022-08-04,-80.25661698520346,36.25869895297034,6.449615015108561,-0.3295449944447184
2022-08-05,-77.89108464175335,36.260805125127284,5.889447697955731,-1.2503573859810428
2022-08-06,-78.90745023277768,35.12774202940231,6.543186722230692,-0.709529873075815
2022-08-07,-79.64908668665613,36.91461261885938,6.873154186349195,-0.04153719910384246
2022-08-08,-79.6657774547194,36.06095031305483,7.555422036464247,-0.38638418367779964
2022-08-09,-79.82971592386421,36.42773465272028,7.872596405430672,0.5593441702662474
2022-08-10,-78.70909310313982,36.69640381905023,9.839571298873226,1.9256674105485851
2022-08-11,-78.98847757040068,37.21673443253362,8.406149682260702,0.5050724707787089
2022-08-12,-78.11053632126905,36.99925876463145,7.838199294432816,1.0432799320783723
2022-08-13,-77.51217747950874,37.17648158803283,7.950864739501539,1.949562305549767
2022-08-14,-76.0016856598247,35.45829599109284,8.797402770159634,0.8972188547387276
2022-08-15,-76.08359269778511,34.23192223385235,9.755071796948307,1.715493440837823
2022-08-16,-76.10753529823218,36.63106836762205,9.1328874701816,2.4319464398750035
2022-08-17,-76.84783868419677,38.076015826202436,10.236110096434015,1.8530216373468176
2022-08-18,-77.8101394696175,37.082778729952224,10.122185776461123,0.6173105544420581
2022-08-19,-77.14135520292159,38.53769943669748,10.16270236537667,-0.7271711952661375
2022-08-20,-77.12013080673503,39.016378785861654,11.477150270510812,-1.204421112804349
2022-08-21,-75.96243018016833,38.803342873577506,12.118399484553523,-2.96253255947783
2022-08-22,-74.53617604844445,39.277486735532825,10.239355535710004,-2.551259719649895
2022-08-23,-73.74953379073241,41.261779674240124,12.170145572331563,-2.780001734146051
2022-08-24,-73.1015316114461,41.928185148247636,10.807294151455583,-1.0784734363015382
2022-08-25,-72.36138791654658,41.041774199612355,10.5039305367684,0.5126547488153319
2022-08-26,-73.68422440688569,40.152844186826364,10.757062133113537,-1.3178909770102738
2022-08-27,-72.57669463189345,39.67485301937269,10.480150785534379,0.5023732403937105
2022-08-28,-72.02638108037826,39.96417251316042,9.298168618131077,0.08805981595895596
2022-08-29,-73.65132858391028,38.77854264528065,9.308146131025412,0.09306433118167148
2022-08-30,-75.0989091774803,37.85550416411042,8.249206876454856,1.4234004172951578
2022-08-31,-76.29635228428592,37.56860178945065,7.819560308307859,1.6555213085537892
2022-09-01,-77.02663881441124,39.91279039898109,7.633977775347027,0.2958833479254892
2022-09-02,-77.27709699517672,39.507073399819134,7.307209753974161,-0.3237387483417079
2022-09-03,-77.76802998023288,38.987164971519846,8.048677899682307,1.1398134662726265
2022-09-04,-77.85048914547637,39.843579730895044,8.503820224809923,0.7597715115776604
2022-09-05,-77.70017707609885,38.17679992044403,9.323631336319362,2.5318876999899054
2022-09-06,-76.15821634419109,37.403390183789604,9.972656318159611,2.056839090970553
2022-09-07,-76.0820952500117,38.108886178379144,9.581715738805363,2.2417641029605164
2022-09-08,-76.56323910990031,36.268154180186,8.294467225630806,0.7454837387506055
2022-09-09,-76.45819716276164,34.996999484764224,9.759574185768718,1.548977993380058
2022-09-10,-75.7214330603211,34.743136166041296,9.995153597668589,1.2440814944020187
2022-09-11,-74.43586149527279,35.09093203724126,10.431062490234067,1.1497291112462549
2022-09-12,-72.71910154673668,35.89418781264173,11.621751376363845,1.2325287350612948
2022-09-13,-73.61140235974497,36.14528114146716,10.858870698163237,0.36934075760837004
2022-09-14,-72.72607045628685,37.12088276879691,10.495000309102283,1.2338384697694735
2022-09-15,-73.35358482877677,36.28222234258823,11.516902903761457,2.154793561136066
2022-09-16,-73.64134110469654,36.303884460010394,12.188623761940567,2.5444149388951303
2022-09-17,-76.649868684979,34.99827876884319,12.115063447986525,3.6977648841165
2022-09-18,-77.06219335858083,35.66395034122871,13.42802634482198,4.624753829318273
2022-09-19,-77.52512163292704,35.63220039079078,13.334229722099936,4.483852776972127
2022-09-20,-76.53139567320201,34.331267025117846,13.01775473103884,3.17278013095221
2022-09-21,-76.72669906966846,34.805532551638116,14.965244843702484,2.3545758752136736
2022-09-22,-75.40111725398181,34.055606963067845,15.429732030185528,1.5304466795809177
2022-09-23,-75.07121584273901,34.48757373433825,14.477771725327464,1.259359740040803
2022-09-24,-77.38051231883955,34.71904366678488,13.730343534575116,0.8164798198897449
2022-09-25,-77.02133641490296,34.206383787903924,14.178908818137723,1.5080858217784818
2022-09-26,-77.33098174518555,35.0126354158782,14.305326970991784,3.146773999239639
